pr_auc,roc_auc,precision_at_recall_0.1,precision_at_recall_0.2,precision_at_recall_0.3,precision_at_recall_0.4,precision_at_recall_0.5,precision_at_recall_0.6,recall_at_precision_0.5,recall_at_precision_0.6,recall_at_precision_0.7,recall_at_precision_0.8,best_f1,best_f2,formal_gap_oracle,oracle_precision,oracle_recall,formal_reached_oracle,avg_precision,daily_precision_top_1pct,alert_precision,episode_recall,median_lead_time_hours,n,n_positive,fold,tag,seconds,transfer_threshold,transfer_precision,transfer_recall,transfer_formal_gap,transfer_alert_fraction,transfer_formal_reached,device,model
0.35924286752108303,0.564986639820707,0.5827716211584599,0.4890194075587334,0.4146729079981507,0.32938078683784805,0.29409957731249387,0.27484461640122965,0.15458593799000647,0.07346699839016538,0.01820994752357258,0.00020906943195835338,0.40216341840614506,0.6268018702758238,0.4059004226875061,0.29409957731249387,0.5004076853923188,False,0.3592,0.4767,0.37520391517128876,0.0680548501777552,49.27055555555555,190336,47831,fold1,pump72_logistic_regression,7.2,0.5044744060248442,0.2751918647234282,0.6658533453191217,0.42480813527657174,0.47877925444057634,False,pump,logistic_regression
0.3984636326649739,0.6848471098012134,0.7458341313924536,0.5020631850419085,0.41841888455063225,0.3581990020005979,0.32763432183444285,0.3043874732947736,0.20177218440991396,0.1460125850776936,0.10360857839989726,0.07561320148966226,0.4057785250586222,0.5699718177241013,0.3723656781655571,0.32763432183444285,0.5005522023885963,False,0.3985,0.6218,0.3955637707948244,0.06695818529652911,46.88,196765,38935,fold2,pump72_logistic_regression,7.4,0.5834779448225969,0.3456252950708808,0.4750438442651701,0.37933086066394905,0.32434703075401344,False,pump,logistic_regression
0.4141808244528135,0.6492700476456705,0.6209598432908913,0.49669104841518635,0.44120908879890647,0.3979967543232066,0.3462430623869032,0.32077788191190254,0.19424763240968082,0.10875131532795511,0.08065591020694493,0.06995790950543669,0.42098346929638397,0.6082533684253566,0.35375693761309673,0.3462430623869032,0.5,False,0.4142,0.5296,0.36176066024759285,0.06160259379342288,49.26833333333333,241627,57020,fold3,pump72_logistic_regression,8.9,0.5522215762741323,0.3451924139782399,0.4862099644128114,0.36859762160894866,0.26615028347839975,False,pump,logistic_regression
0.4473818817648235,0.7254685661330356,0.7282923637723152,0.6685004832354472,0.5440577489212405,0.46717755552669177,0.39087574108524437,0.345451518721508,0.3659252669039146,0.22820284697508897,0.19261565836298933,0.05322508896797153,0.44238740230790574,0.5659949987315623,0.3071981479726217,0.6999192897497982,0.19288256227758008,False,0.4474,0.5617,0.43144654088050316,0.08152173913043478,51.7975,237937,44960,fold4,pump72_logistic_regression,10.4,,,,,,,pump,logistic_regression
0.2804759327641888,0.5212132405134694,0.36453534104955615,0.35610298203370994,0.31612803736258893,0.28768606224627874,0.2727908340475439,0.2602404395365283,0.0,0.0,0.0,0.0,0.40165933987496166,0.6266179321909553,0.42720916595245606,0.2727908340475439,0.5057389559072568,False,0.2805,0.3421,0.36245954692556637,0.07008633824276282,45.520694444444445,190336,47831,fold1,pump72_catboost,14.7,0.45578239460905123,0.2430407489905066,0.5240529086939771,0.45695925100949336,0.42666632785302266,False,pump,catboost
0.3597566938757149,0.6757098446577299,0.5535864978902953,0.48658764815970057,0.39547008836374714,0.3597572232991784,0.3264580608377771,0.293772239755567,0.18476948760755105,0.05940670348015924,0.0,0.0,0.3957265044396644,0.5738514604904982,0.37317629576551303,0.3270420168067227,0.49978168742776424,False,0.3598,0.4827,0.3333333333333333,0.06695818529652911,43.45666666666666,196765,38935,fold2,pump72_catboost,16.9,0.4879377655698717,0.3376442548921224,0.4720624342336022,0.3902933108742753,0.3299300160991942,False,pump,catboost
0.4125309220424592,0.6568741611397231,0.6166900875581018,0.5457980580666763,0.48473433782712133,0.41086095100864556,0.34921607055365017,0.31132367114618753,0.26481936162749914,0.11999298491757278,0.05263065591020694,0.047948088390038585,0.4150752097079535,0.6311388785279124,0.3507839294463498,0.34921607055365017,0.5,False,0.4125,0.5892,0.42278481012658226,0.07735062528948587,49.888888888888886,241627,57020,fold3,pump72_catboost,19.8,0.47555688193161555,0.29274818305247186,0.4891681494661922,0.4180836674813359,0.3157390401660944,False,pump,catboost
0.4092206614907986,0.6550050166166796,0.8484002976190477,0.6084015423121153,0.48160177022734574,0.3983918128654971,0.31913052114814344,0.26774849883380475,0.28718861209964414,0.20665035587188613,0.16365658362989324,0.12713523131672597,0.40060187827530747,0.5422420551166858,0.3363434163701068,0.7010289634146342,0.16365658362989324,False,0.4092,0.5513,0.46134020618556704,0.08473320158102766,51.32472222222222,237937,44960,fold4,pump72_catboost,22.9,,,,,,,pump,catboost
0.3512691396739486,0.7782833835676405,0.6331502268927633,0.4276135078364841,0.3839160500991344,0.3245165047353419,0.30064305028516897,0.2724340276586253,0.1868717406091754,0.11401254629279722,0.03540926611745144,0.0,0.37818938827799725,0.5508615850802078,0.399356949714831,0.30064305028516897,0.5,False,0.3513,0.3022,0.2833178005591799,0.05879409557167876,52.657222222222224,201935,26462,fold1,fan72_logistic_regression,22.0,0.7513677017110351,0.3140560674377573,0.3947595383793996,0.49118439418284304,0.15611164384959092,False,fan,logistic_regression
0.2789567945888098,0.7509360706490305,0.46853954204348663,0.34777333713959463,0.2886553127593156,0.26641866571842776,0.2462458820913923,0.22874896307774178,0.02731118321080948,0.018070557312415293,0.0,0.0,0.33300937849263806,0.5341494590641348,0.45375411790860765,0.2462458820913923,0.5003901597601544,False,0.279,0.1704,0.16346153846153846,0.03596924766611752,47.76444444444444,196052,24349,fold2,fan72_logistic_regression,22.0,0.6574185475605343,0.2469006273686915,0.5475308641975308,0.45309937263130845,0.2602722930912455,False,fan,logistic_regression
0.3061466547395964,0.7740771381176149,0.4800637958532695,0.44801771404470686,0.3562771294886972,0.2970562312709325,0.2648175623003998,0.2360467722653915,0.04506172839506173,0.03675213675213675,0.006030389363722697,0.0,0.3489837115411387,0.5185769908269922,0.43518243769960013,0.2648175623003998,0.5000474833808167,False,0.3061,0.3852,0.3947633434038268,0.07002542177027964,53.37722222222222,179439,21060,fold3,fan72_logistic_regression,20.9,0.6714352497724974,0.3302210054934097,0.6238098499897253,0.36977899450659024,0.2647641905676227,False,fan,logistic_regression
0.39478581855641814,0.812995452195953,0.5264303482587065,0.48605909280066584,0.47939693100118036,0.4589487743557511,0.39371140414745304,0.3484926821508113,0.16035344886636071,0.028871840537023085,0.024659223234468113,0.016542228919789025,0.4452736668684963,0.5812193803016973,0.3062885958525469,0.39371140414745304,0.500034248921159,False,0.3948,0.2811,0.2753488372093023,0.052109663620454987,50.31041666666667,208325,29198,fold4,fan72_logistic_regression,21.3,,,,,,,fan,logistic_regression
0.4005534067917669,0.7919042940957791,0.7934202726733847,0.653698900827467,0.49538250343192314,0.37630476460981327,0.3216852841185041,0.27764372639530005,0.29559368150555515,0.2318418864787242,0.1677121910664349,0.0,0.39188542725587516,0.5588927500276132,0.33228780893356513,0.7,0.1677121910664349,False,0.4006,0.356,0.32495164410058025,0.08656492369276958,47.903333333333336,201935,26462,fold1,fan72_catboost,17.8,0.8871733146039947,0.36663524976437323,0.03195203088422523,0.8014127193514016,0.010823659029237142,False,fan,catboost
0.2649082060343849,0.7173280687666082,0.46717359050445106,0.3564892760412854,0.28702361834632406,0.2504048739106964,0.2182056061366406,0.1981043810763536,0.07643024354182923,0.0018481251796788369,0.0,0.0,0.31459991729556497,0.5343151241138643,0.4817943938633593,0.2182056061366406,0.5000205347242187,False,0.2649,0.2175,0.2017075773745998,0.05134541460735859,42.68333333333333,196052,24349,fold2,fan72_catboost,21.4,0.6544418089282292,0.20688788786992338,0.5473884140550808,0.49311211213007655,0.3105289262646359,False,fan,catboost
0.2906239134184446,0.7752075649652033,0.4599601593625498,0.3942712721145746,0.35307911339400366,0.30144927536231886,0.2659561033516026,0.2390058446348522,0.0,0.0,0.0,0.0,0.3479825854444482,0.5175883642001381,0.4340438966483974,0.2659561033516026,0.5,False,0.2906,0.4212,0.4252199413489736,0.0905939449965334,48.58166666666666,179439,21060,fold3,fan72_catboost,24.6,0.6798901429679419,0.32681088964511423,0.5525720939790396,0.3731891103548857,0.2369758790351614,False,fan,catboost
0.39753477879796617,0.8068434181048079,0.5595419847328245,0.5100857068652065,0.47290666954224403,0.4255784295864456,0.3723379836262083,0.33305452056877805,0.23803000205493527,0.07976573737927255,0.03894102335776423,0.00873347489554079,0.42983360740265897,0.5806295091355982,0.32766201637379166,0.3723379836262083,0.5,False,0.3975,0.3379,0.3338762214983713,0.07408127552012445,48.84583333333333,208325,29198,fold4,fan72_catboost,29.7,,,,,,,fan,catboost
