pr_auc,roc_auc,precision_at_recall_0.1,precision_at_recall_0.2,precision_at_recall_0.3,precision_at_recall_0.4,precision_at_recall_0.5,precision_at_recall_0.6,recall_at_precision_0.5,recall_at_precision_0.6,recall_at_precision_0.7,recall_at_precision_0.8,best_f1,best_f2,formal_gap_oracle,oracle_precision,oracle_recall,formal_reached_oracle,daily_top1,fold,variant,weights
0.36146189156679853,0.5641448682343995,0.6121791044776119,0.45571006762548816,0.371135353117568,0.33421838698971124,0.28866788166994556,0.2746358921360357,0.16391043465534905,0.11183123915452321,0.05433714536597604,0.028182559427986035,0.40314514006232544,0.6268018911808841,0.41133186867867627,0.2886785847929216,0.4999895465284021,False,0.4749,fold1,hn_lr_4_oofpnear,
0.2804759327641888,0.5212132405134694,0.36453534104955615,0.35610298203370994,0.31612803736258893,0.28768606224627874,0.2727908340475439,0.2602404395365283,0.0,0.0,0.0,0.0,0.40165933987496166,0.6266179321909553,0.42720916595245606,0.2727908340475439,0.5057389559072568,False,0.3421,fold1,base_cb,
0.31302125017376486,0.551697075762118,0.43529501216545013,0.40285137522079234,0.3580086796029331,0.3250934420659191,0.2970234325522483,0.2782339767516263,0.0028224373314377706,0.0023833915243252285,0.0008989985574209195,0.0006899291254625662,0.40168126506378227,0.6266392766090131,0.4029765674477517,0.2970234325522483,0.5000731743011855,False,0.3916,fold1,hybrid,
0.39864646402643267,0.6854643888005897,0.7100947521865889,0.5040119063025754,0.4070888896626162,0.37139314160347214,0.3506285343802903,0.3131971256971257,0.20202902273019135,0.14806729163991267,0.1056376011300886,0.059817644792603056,0.41311278195488726,0.5652840810259492,0.34937146561970966,0.3506285343802903,0.5000385257480416,False,0.6061,fold2,hn_lr_4_oofpnear,
0.3597566938757149,0.6757098446577299,0.5535864978902953,0.48658764815970057,0.39547008836374714,0.3597572232991784,0.3264580608377771,0.293772239755567,0.18476948760755105,0.05940670348015924,0.0,0.0,0.3957265044396644,0.5738514604904982,0.37317629576551303,0.3270420168067227,0.49978168742776424,False,0.4827,fold2,base_cb,
0.31682448309784406,0.6356480710792037,0.47171411265899454,0.35937788443788077,0.31526629131758305,0.3012539366655718,0.2858086292926328,0.26545384300713604,0.0896365737768075,0.061795299858738925,0.018338256067805318,0.0014896622576088352,0.36854489951666247,0.5623919364102503,0.41419137070736717,0.2858086292926328,0.5001926287402081,False,0.452,fold2,hybrid,
0.4168118260871844,0.7032886111146843,0.7183696053116931,0.5435450104675505,0.43968080701622314,0.4028151680639951,0.3670072387271905,0.3308318584070796,0.23123153974573007,0.1694105560549634,0.1118274046487736,0.05848208552716065,0.4299566369549506,0.5733596131681069,0.3328831939609642,0.3671810156191051,0.49993579041993064,False,0.5944,fold2,blend_prevfold_w,"(0.5, 0.5, 0)"
0.4086045225298479,0.697213414068408,0.7415794481446242,0.5199652777777778,0.44129202871174916,0.38729487817006464,0.3446761800219539,0.31676791235016544,0.22822653139848464,0.15194555027610118,0.11295749325799409,0.059278284320020545,0.41553860559833444,0.5751532170455245,0.35528723054026345,0.34472561137575036,0.49998715808398614,False,0.5966,fold2,blend_equal,
0.46629711298457005,0.6693209043237617,0.8454922894424673,0.6339077265147304,0.5427683723289582,0.48586944947289956,0.3818746818827185,0.33228447396789323,0.372728867064188,0.23444405471764293,0.14258155033321643,0.1097334268677657,0.44314852638096913,0.6069961038131534,0.3109584461931617,0.4707321886717979,0.41830936513504036,False,0.5358,fold3,hn_lr_4_oofpnear,
0.4125309220424592,0.6568741611397231,0.6166900875581018,0.5457980580666763,0.48473433782712133,0.41086095100864556,0.34921607055365017,0.31132367114618753,0.26481936162749914,0.11999298491757278,0.05263065591020694,0.047948088390038585,0.4150752097079535,0.6311388785279124,0.3507839294463498,0.34921607055365017,0.5,False,0.5892,fold3,base_cb,
0.41623817133738344,0.6018583938293008,0.7866648560564911,0.6115937365937366,0.44953356983313625,0.375908379335915,0.3215848596950284,0.2878948519883543,0.25505085934759736,0.20566467905997896,0.15596282006313575,0.08526832690284111,0.3916483754708289,0.6069741349394409,0.3439948764627652,0.6999370772376907,0.15606804629954402,False,0.5811,fold3,hybrid,
0.44097316420146915,0.6826928166742687,0.6371760500446828,0.5610648437876089,0.5238596702370923,0.45442954758252485,0.3997476163768929,0.3642015393295507,0.36357418449666784,0.12846369694843915,0.05913714486145212,0.0466678358470712,0.4547396967580227,0.6081912762630475,0.30022887457601294,0.4004726336667089,0.49929849175727814,False,0.5287,fold3,blend_prevfold_w,"(0.75, 0.25, 0)"
0.43639929613946105,0.6697645274325938,0.6866137947608748,0.5669119109166832,0.48806161745827986,0.4405044710972053,0.3727661354633757,0.3306370559356759,0.277271132935812,0.1739389687828832,0.08611013679410733,0.06739740441950193,0.4282334292940477,0.6183203166597561,0.32723386453662423,0.3727661354633757,0.5000701508242722,False,0.5726,fold3,blend_equal,
0.4739953927513527,0.7225990451178912,0.9334535617673579,0.7185552181556657,0.5344322054045487,0.45987827954789545,0.3968926553672316,0.3353510745404149,0.33894572953736657,0.2605427046263345,0.21272241992882562,0.1755338078291815,0.44355998249598866,0.5646475419154707,0.28699443295380417,0.6999050332383666,0.21310053380782917,False,0.5558,fold4,hn_lr_4_oofpnear,
0.4092206614907986,0.6550050166166796,0.8484002976190477,0.6084015423121153,0.48160177022734574,0.3983918128654971,0.31913052114814344,0.26774849883380475,0.28718861209964414,0.20665035587188613,0.16365658362989324,0.12713523131672597,0.40060187827530747,0.5422420551166858,0.3363434163701068,0.7010289634146342,0.16365658362989324,False,0.5513,fold4,base_cb,
0.3665687508290515,0.6676584787836441,0.5915011182739113,0.46878907878282616,0.4196509131638717,0.353904282115869,0.31699475435726776,0.28017698012089487,0.16394572953736655,0.09904359430604982,0.0675711743772242,0.04695284697508897,0.3881844949395232,0.5561529316441893,0.3830052456427322,0.31699475435726776,0.5,False,0.5157,fold4,hybrid,
0.4442846699237481,0.7176721537072337,0.8786398280242329,0.5911122797791217,0.48369312282962806,0.4342629482071713,0.38724958227826295,0.3306611752592484,0.26443505338078294,0.19555160142348754,0.14577402135231315,0.11690391459074734,0.4374086221203619,0.5619574446334406,0.312750417721737,0.38724958227826295,0.5000222419928826,False,0.5727,fold4,blend_prevfold_w,"(0.75, 0.25, 0)"
0.4291986108797308,0.7007896006594521,0.7889473684210526,0.6283358949280424,0.4900628565200015,0.40642230859622164,0.34827735778906926,0.31350308552302814,0.2920818505338078,0.21358985765124555,0.15700622775800713,0.08945729537366548,0.4124239613951807,0.5603844010996342,0.3424202045455502,0.6998618239242006,0.1577179715302491,False,0.5827,fold4,blend_equal,
