pr_auc,roc_auc,precision_at_recall_0.1,precision_at_recall_0.2,precision_at_recall_0.3,precision_at_recall_0.4,precision_at_recall_0.5,precision_at_recall_0.6,recall_at_precision_0.5,recall_at_precision_0.6,recall_at_precision_0.7,recall_at_precision_0.8,best_f1,best_f2,formal_gap_oracle,oracle_precision,oracle_recall,formal_reached_oracle,avg_precision,daily_precision_top_1pct,alert_precision,episode_recall,median_lead_time_hours,n,n_positive,fold,tag,seconds,transfer_threshold,transfer_precision,transfer_recall,transfer_formal_gap,transfer_alert_fraction,transfer_formal_reached,device,model,exp
0.3984636326649739,0.6848471098012134,0.7458341313924536,0.5020631850419085,0.41841888455063225,0.3581990020005979,0.32763432183444285,0.3043874732947736,0.20177218440991396,0.1460125850776936,0.10360857839989726,0.07561320148966226,0.4057785250586222,0.5699718177241013,0.3723656781655571,0.32763432183444285,0.5005522023885963,False,0.3985,0.6218,0.3955637707948244,0.06695818529652911,46.88,196765,38935,fold2,pump72_logistic_regression_base,8.6,0.5834779448225969,0.3456252950708808,0.4750438442651701,0.37933086066394905,0.32434703075401344,False,pump,logistic_regression,base
0.4141808244528135,0.6492700476456705,0.6209598432908913,0.49669104841518635,0.44120908879890647,0.3979967543232066,0.3462430623869032,0.32077788191190254,0.19424763240968082,0.10875131532795511,0.08065591020694493,0.06995790950543669,0.42098346929638397,0.6082533684253566,0.35375693761309673,0.3462430623869032,0.5,False,0.4142,0.5296,0.36176066024759285,0.06160259379342288,49.26833333333333,241627,57020,fold3,pump72_logistic_regression_base,9.6,0.5522215762741323,0.3451924139782399,0.4862099644128114,0.36859762160894866,0.26615028347839975,False,pump,logistic_regression,base
0.3597566938757149,0.6757098446577299,0.5535864978902953,0.48658764815970057,0.39547008836374714,0.3597572232991784,0.3264580608377771,0.293772239755567,0.18476948760755105,0.05940670348015924,0.0,0.0,0.3957265044396644,0.5738514604904982,0.37317629576551303,0.3270420168067227,0.49978168742776424,False,0.3598,0.4827,0.3333333333333333,0.06695818529652911,43.45666666666666,196765,38935,fold2,pump72_catboost_base,18.9,0.4879377655698717,0.3376442548921224,0.4720624342336022,0.3902933108742753,0.3299300160991942,False,pump,catboost,base
0.4125309220424592,0.6568741611397231,0.6166900875581018,0.5457980580666763,0.48473433782712133,0.41086095100864556,0.34921607055365017,0.31132367114618753,0.26481936162749914,0.11999298491757278,0.05263065591020694,0.047948088390038585,0.4150752097079535,0.6311388785279124,0.3507839294463498,0.34921607055365017,0.5,False,0.4125,0.5892,0.42278481012658226,0.07735062528948587,49.888888888888886,241627,57020,fold3,pump72_catboost_base,22.7,0.47555688193161555,0.29274818305247186,0.4891681494661922,0.4180836674813359,0.3157390401660944,False,pump,catboost,base
0.3742932716382276,0.6847599027522863,0.6033467616981717,0.44072164948453607,0.39728168535507985,0.36008877381172555,0.33822635281855296,0.3139800553718786,0.14205727494542186,0.10096314370104019,0.07735970206754848,0.019776550661358673,0.4126344325741497,0.5684514341763428,0.361773647181447,0.33822635281855296,0.5000642095800694,False,0.3743,0.5402,0.3701492537313433,0.07215086089095381,46.06791666666667,196765,38935,fold2,pump72_logistic_regression_int,21.5,0.5819773889971624,0.3568048591002189,0.4430024552788495,0.4001926856209315,0.29299291883771267,False,pump,logistic_regression,int
0.390359256343755,0.6265579145856687,0.5980696600923207,0.5523053080201472,0.44256442098727106,0.37701992663824724,0.34368030860104876,0.3084440758037469,0.25880392844615924,0.06464398456681866,0.022062434233602244,0.02079971939670291,0.4087355528721752,0.6069741349394409,0.3563196913989512,0.34368030860104876,0.5,False,0.3904,0.5712,0.4139240506329114,0.07572950440018528,49.74305555555556,241627,57020,fold3,pump72_logistic_regression_int,12.8,0.5372274892353258,0.32705195700312356,0.4960409252669039,0.3769071177299725,0.2865926694881418,False,pump,logistic_regression,int
0.35036201619675256,0.6370021739476945,0.6260450160771704,0.49951895324225515,0.4195769092864826,0.37304818469202033,0.3129299813540796,0.26623842553046095,0.19948632335944522,0.13293951457557468,0.0,0.0,0.3899567429722225,0.5522616700472334,0.38704749581563297,0.3131194490925473,0.4998330550918197,False,0.3504,0.4743,0.36995153473344106,0.0683246788740093,42.62583333333333,196765,38935,fold2,pump72_catboost_int,19.1,0.4853440869171303,0.33215267247915087,0.4917397404419502,0.3761075870788989,0.3493649302437228,False,pump,catboost,int
0.4262335327918682,0.6413556647550602,0.7673606447280054,0.563111570044746,0.4586248492159228,0.39807333205354184,0.3525500809451427,0.3094904245406765,0.24665029814100314,0.1748860049105577,0.13376008418098911,0.07695545422658716,0.41464685585522143,0.6206350490930527,0.3474499190548573,0.3525500809451427,0.5003156787092249,False,0.4262,0.5856,0.4256670902160102,0.07874015748031496,50.312083333333334,241627,57020,fold3,pump72_catboost_int,22.8,0.47878608674655504,0.29071247637294106,0.5028692170818505,0.4092875236270589,0.32685542811752694,False,pump,catboost,int
0.397159018953574,0.6826528996575253,0.7254249815225425,0.5000321068516022,0.4063097846881631,0.3600619481299986,0.33577674675313474,0.30577149587750296,0.2,0.1475536149993579,0.11411326569924232,0.07088737639655837,0.4061142585052523,0.5684224807740672,0.36419438178561164,0.3358698277944577,0.49993579041993064,False,0.3972,0.6162,0.4126984126984127,0.06969117245148948,47.024166666666666,196765,38935,fold2,pump72_logistic_regression_hb,11.8,0.5872656876038718,0.33626288625421763,0.4421957207997194,0.4215413929460629,0.31032541893083143,False,pump,logistic_regression,hb
0.40951902235428184,0.6322138094500775,0.7094687072290655,0.5466308827758075,0.4265446566598514,0.3852247200499941,0.34725521004616267,0.3112677978437884,0.23202385128025255,0.13307611364433533,0.10373553139249386,0.06453875833041038,0.4110763101681366,0.6069741349394409,0.3527447899538373,0.34725521004616267,0.5,False,0.4095,0.5538,0.383289124668435,0.06762389995368226,50.798611111111114,241627,57020,fold3,pump72_logistic_regression_hb,13.5,0.5474794500800141,0.34134599639757657,0.46365658362989326,0.39499741997253013,0.25666457927938907,False,pump,logistic_regression,hb
0.36237248274786915,0.6537296685631092,0.6056273062730627,0.4770384826492651,0.41982318694745924,0.36384653106975223,0.32495499699979996,0.2797974598690432,0.17906767689739309,0.10517529215358931,0.04512649287273661,0.0,0.3942179481999272,0.5531105453966884,0.3750450030002,0.32495499699979996,0.5007319892127905,False,0.3624,0.514,0.3941368078175896,0.07515714676141022,43.06916666666667,196765,38935,fold2,pump72_catboost_hb,17.7,0.4929435540773853,0.355679926987706,0.464766748509295,0.37955332450299895,0.3083595790205565,False,pump,catboost,hb
0.39628751054218947,0.6544815178843704,0.575580810620537,0.45469023729893293,0.4291300097751711,0.3891021376051316,0.35008688841569374,0.32674628404502104,0.1436338126972992,0.07674500175377061,0.05908453174324799,0.038635566467905995,0.4238655462184874,0.6270997878923936,0.3499131115843062,0.35008688841569374,0.5017011574886004,False,0.3963,0.5829,0.4272608125819135,0.07572950440018528,49.80166666666667,241627,57020,fold3,pump72_catboost_hb,21.1,0.4792794016875169,0.29521597648664255,0.5004225978647687,0.4047840235133574,0.32030327355560506,False,pump,catboost,hb
0.3851414225559975,0.6761070610758124,0.6977244221465687,0.4630636953851553,0.38720995663831054,0.3470219924686379,0.3171252178729088,0.291921274601687,0.17362270450751252,0.13255425709515858,0.09967895209965327,0.07389238474380377,0.3953018819594076,0.5693586460556781,0.38287478212709114,0.3171252178729088,0.5000128419160139,False,0.3851,0.614,0.3976311336717428,0.0743372506149221,46.89402777777778,196765,38935,fold2,pump72_logistic_regression_mk,7.5,0.5779452697849224,0.34557558249073667,0.4825149070501578,0.3719095104591055,0.329495462013765,False,pump,logistic_regression,mk
0.4198740629705516,0.6431087399127362,0.655779183438758,0.5517174649250121,0.44350824432230634,0.3944246532701553,0.3477253323576046,0.3215050934105176,0.23323395299894772,0.14584356366187304,0.09024903542616626,0.07709575587513154,0.419451221898934,0.6069741349394409,0.3522662294761123,0.3477513082299557,0.49998246229393195,False,0.4199,0.5327,0.35733333333333334,0.0650764242704956,47.736666666666665,241627,57020,fold3,pump72_logistic_regression_mk,8.5,0.5504231560622387,0.3426636928469014,0.47840302491103204,0.3789332822420665,0.2638093276791756,False,pump,logistic_regression,mk
0.33594847123073435,0.6370605248053247,0.5826865671641791,0.43802674457804247,0.3718698360238973,0.3238376445146802,0.29006928406466514,0.2655898333598563,0.14067034801592398,0.08976499293694619,0.0,0.0,0.36929757767206217,0.5552549330596632,0.40989096277293346,0.2901475629751081,0.4999614742519584,False,0.3359,0.5022,0.37132987910189985,0.06914457502049741,44.23083333333334,196765,38935,fold2,pump72_catboost_mk,17.7,0.4845260858474077,0.3475402278664413,0.55529638723255,0.35245977213355867,0.3770522334010686,False,pump,catboost,mk
0.3991983323309886,0.6456855620943808,0.5669017582199265,0.5062577667317593,0.45136032900980705,0.4015171515567524,0.3635553178211643,0.31438388255505234,0.20445457734128375,0.07336022448263767,0.04235356015433182,0.03846018940722554,0.42150115676340527,0.6091244563546105,0.33644468217883566,0.3635553178211643,0.5006313574184497,False,0.3992,0.5744,0.4194915254237288,0.07132931912922649,50.026944444444446,241627,57020,fold3,pump72_catboost_mk,22.4,0.5040265673650416,0.30896376350921806,0.4756227758007117,0.4154134606900702,0.29088372132119006,False,pump,catboost,mk
0.3859839616265025,0.6750675089915585,0.7007194244604317,0.48023435090965155,0.3950366839097948,0.3522971475105752,0.31709581277177895,0.2934859066472391,0.1881340696031848,0.12734043919352767,0.10026968023629125,0.06926929497881083,0.399629044028217,0.5639790165283411,0.382904187228221,0.31709581277177895,0.5000642095800694,False,0.386,0.6045,0.3856088560885609,0.06559169171904893,47.214444444444446,196765,38935,fold2,pump72_logistic_regression_chan,9.2,0.5797309992487799,0.33181564313639783,0.4792879691336373,0.3888963877299648,0.34086422461066024,False,pump,logistic_regression,chan
0.40838456026705855,0.6437905883344207,0.6161070927345352,0.47901877599025494,0.43602813742481394,0.3943837321897911,0.342565334935416,0.3157350756254441,0.17607856892318485,0.10403367239565064,0.08307611364433531,0.06981760785689232,0.41496864739281447,0.6077570859233901,0.3573876316551813,0.3427702076994311,0.49984216064538756,False,0.4084,0.5255,0.3575418994413408,0.05951829550717925,49.56527777777778,241627,57020,fold3,pump72_logistic_regression_chan,9.3,0.548071793767033,0.33581482839425486,0.46854982206405693,0.39563534954168816,0.2636454187452981,False,pump,logistic_regression,chan
0.329761310425961,0.632653340983968,0.5035306201052767,0.4085305073186087,0.3742364642297483,0.3443115757830287,0.2969448300056436,0.26658084800984255,0.10738410170797483,0.04096571208424297,0.02442532425837935,0.01122383459612174,0.3758985459892174,0.5531954849779058,0.40305155808893994,0.2969612838270739,0.49998715808398614,False,0.3298,0.4648,0.4020926756352765,0.08444930308827549,40.61888888888889,196765,38935,fold2,pump72_catboost_chan,17.1,0.48058767821945003,0.3237187802174477,0.48144510698000703,0.3948361128025452,0.35096243383396725,False,pump,catboost,chan
0.43038018885588347,0.6445311505035951,0.7760064847338557,0.5818191020903983,0.4873087770276045,0.39344545062526953,0.32684526061189634,0.3006745481054684,0.285233251490705,0.17804279200280604,0.13351455629603648,0.09014380918975798,0.40682604487657276,0.6265303053765758,0.3664854437039635,0.7000459770114943,0.13351455629603648,False,0.4304,0.5977,0.4192399049881235,0.07711903659101436,50.331944444444446,241627,57020,fold3,pump72_catboost_chan,20.1,0.7713877100120687,0.5280951054146931,0.1264679715302491,0.5454369230550578,0.045251474129706606,False,pump,catboost,chan
0.3954505476813662,0.6837582640593614,0.7243816254416962,0.48847695390781565,0.41794248104163684,0.3571199266223343,0.32734181897667847,0.30401758424701186,0.19404135096956465,0.1393604725825093,0.10147682034159497,0.07345575959933222,0.40563547089738217,0.5687702344666267,0.3726581810233215,0.32734181897667847,0.5000128419160139,False,0.3955,0.6212,0.39889705882352944,0.06668488658103307,47.214444444444446,196765,38935,fold2,pump72_logistic_regression_noprior,6.3,0.5843420786684985,0.341810847836014,0.47258856541564365,0.3856005867483423,0.32627148456091415,False,pump,logistic_regression,noprior
0.40528682457386356,0.6423065604092726,0.6082507195394947,0.4770404971430955,0.43308521950478507,0.3871537208039109,0.33907533554453917,0.3179790318982824,0.18095405121010172,0.10180638372500878,0.0731848474219572,0.06837951595931252,0.4170478858588367,0.6070073310683116,0.36091533959016736,0.33910219811590064,0.49998246229393195,False,0.4053,0.526,0.3536067892503536,0.05998147290412228,49.242777777777775,241627,57020,fold3,pump72_logistic_regression_noprior,7.8,0.5549699994334439,0.3262906119194738,0.47333185053380783,0.40037753754671834,0.2741103737543972,False,pump,logistic_regression,noprior
0.3527273034561481,0.6590546012183132,0.5502749964744041,0.44967373101576485,0.39688094590921447,0.3561978750142808,0.320826536160957,0.2906010548313265,0.14614100423783227,0.0804417619108771,0.03896237318607936,0.0,0.39702738280848837,0.5597406911908631,0.37917346383904293,0.320826536160957,0.5000642095800694,False,0.3527,0.5341,0.3853989813242784,0.0713309647444657,45.715555555555554,196765,38935,fold2,pump72_catboost_noprior,16.0,0.4921862524181305,0.3473804258633399,0.4380392844615924,0.41458028967506766,0.2975702218709002,False,pump,catboost,noprior
0.3994403618078809,0.6317612898079124,0.6406741573033707,0.5064497539784565,0.43766944600746843,0.37703564232154063,0.33055526617355974,0.30342926042165363,0.20491055769905298,0.11881795861101369,0.060171869519466854,0.05017537706068046,0.4045383168753142,0.6268234714719468,0.3694447338264402,0.33055526617355974,0.5008242721851982,False,0.3994,0.5789,0.4166666666666667,0.07596109309865678,49.79875,241627,57020,fold3,pump72_catboost_noprior,18.9,0.476975382887907,0.2798414877984149,0.5167482206405694,0.42015851220158507,0.3489242950865145,False,pump,catboost,noprior
0.3419082517342405,0.6614086905719955,0.4958079268292683,0.39668497051047386,0.3618042226487524,0.3400484536307484,0.31298029002282884,0.28782283280399834,0.09693078207268524,0.06980865545139335,0.019904969821497368,0.010170797482984462,0.39033603021791147,0.5622356495468278,0.38701490344756073,0.3130236223004808,0.4999614742519584,False,0.3419,0.5078,0.35774647887323946,0.07543044547690626,47.63194444444444,196765,38935,fold2,pump72_logistic_regression_all,34.4,0.5851964375876119,0.329235290516133,0.47153630305156086,0.3992284064323061,0.33797961320547787,False,pump,logistic_regression,all
0.3968382701907652,0.6115358674185407,0.6261480280929227,0.5631985819094982,0.45662502669229127,0.3769538349691021,0.33546701809709834,0.2978514094684241,0.2674500175377061,0.12783233952998949,0.05099964924587864,0.031532795510347246,0.4033525751951706,0.6069741349394409,0.3645329819029016,0.33546701809709834,0.5,False,0.3968,0.5775,0.43896424167694204,0.08314034275127374,46.65833333333333,241627,57020,fold3,pump72_logistic_regression_all,28.6,0.5371800222790182,0.3117929506905112,0.46650355871886123,0.4217034905906275,0.2827176941795517,False,pump,logistic_regression,all
0.3401040512186345,0.6409317204283883,0.5765885301489017,0.42899636443758954,0.3620614850626007,0.32338039867109636,0.2889653542841953,0.2654779762716487,0.15697958135353796,0.09279568511621934,0.03446770258122512,0.0,0.3689293911778742,0.559284051391316,0.41103464571580467,0.2889653542841953,0.5025555412867599,False,0.3401,0.5073,0.38617200674536256,0.07215086089095381,46.10652777777778,196765,38935,fold2,pump72_catboost_all,24.8,0.4739734119165724,0.3248051874182356,0.500736583654858,0.37519481258176435,0.3638045417109843,False,pump,catboost,all
0.43847995217864394,0.6305364155546244,0.8168146662847322,0.6354531797696544,0.4967642705824313,0.40431677624000995,0.3238086585199655,0.2952261737370966,0.2961417046650298,0.22513153279551035,0.15513854787793757,0.10536653805682217,0.40304830705870437,0.6102215971004626,0.3448471649450386,0.6990497133432813,0.15610312171168012,False,0.4385,0.6098,0.43823146944083224,0.08452987494210283,49.705,241627,57020,fold3,pump72_catboost_all,29.4,0.755454224115328,0.5329772410589875,0.15313612099644128,0.5138866379445712,0.054291682252024694,False,pump,catboost,all
