pr_auc,roc_auc,precision_at_recall_0.1,precision_at_recall_0.2,precision_at_recall_0.3,precision_at_recall_0.4,precision_at_recall_0.5,precision_at_recall_0.6,recall_at_precision_0.5,recall_at_precision_0.6,recall_at_precision_0.7,recall_at_precision_0.8,best_f1,best_f2,formal_gap_oracle,oracle_precision,oracle_recall,formal_reached_oracle,avg_precision,daily_precision_top_1pct,alert_precision,episode_recall,median_lead_time_hours,n,n_positive,fold,tag,seconds,transfer_threshold,transfer_precision,transfer_recall,transfer_formal_gap,transfer_alert_fraction,transfer_formal_reached,transfer_frac_precision,transfer_frac_recall,transfer_frac_formal_gap,device,exp
0.35924286752108303,0.564986639820707,0.5827716211584599,0.4890194075587334,0.4146729079981507,0.32938078683784805,0.29409957731249387,0.27484461640122965,0.15458593799000647,0.07346699839016538,0.01820994752357258,0.00020906943195835338,0.40216341840614506,0.6268018702758238,0.4059004226875061,0.29409957731249387,0.5004076853923188,False,0.3592,0.4767,0.37520391517128876,0.0680548501777552,49.27055555555555,190336,47831,fold1,pump72_base:lr,9.2,0.5044744060248442,0.2751918647234282,0.6658533453191217,0.42480813527657174,0.47877925444057634,False,0.2864274422640343,0.6189289842044433,0.41357255773596563,pump,base:lr
0.3984636326649739,0.6848471098012134,0.7458341313924536,0.5020631850419085,0.41841888455063225,0.3581990020005979,0.32763432183444285,0.3043874732947736,0.20177218440991396,0.1460125850776936,0.10360857839989726,0.07561320148966226,0.4057785250586222,0.5699718177241013,0.3723656781655571,0.32763432183444285,0.5005522023885963,False,0.3985,0.6218,0.3955637707948244,0.06695818529652911,46.88,196765,38935,fold2,pump72_base:lr,10.1,0.5834779448225969,0.3456252950708808,0.4750438442651701,0.37933086066394905,0.32434703075401344,False,0.3548175122525532,0.454542265871624,0.39064022187582276,pump,base:lr
0.4141808244528135,0.6492700476456705,0.6209598432908913,0.49669104841518635,0.44120908879890647,0.3979967543232066,0.3462430623869032,0.32077788191190254,0.19424763240968082,0.10875131532795511,0.08065591020694493,0.06995790950543669,0.42098346929638397,0.6082533684253566,0.35375693761309673,0.3462430623869032,0.5,False,0.4142,0.5296,0.36176066024759285,0.06160259379342288,49.26833333333333,241627,57020,fold3,pump72_base:lr,11.5,0.5522215762741323,0.3451924139782399,0.4862099644128114,0.36859762160894866,0.26615028347839975,False,0.30956785555719996,0.5582962633451958,0.3904321444428,pump,base:lr
0.4473818817648235,0.7254685661330356,0.7282923637723152,0.6685004832354472,0.5440577489212405,0.46717755552669177,0.39087574108524437,0.345451518721508,0.3659252669039146,0.22820284697508897,0.19261565836298933,0.05322508896797153,0.44238740230790574,0.5659949987315623,0.3071981479726217,0.6999192897497982,0.19288256227758008,False,0.4474,0.5617,0.43144654088050316,0.08152173913043478,51.7975,237937,44960,fold4,pump72_base:lr,12.6,,,,,,,,,,pump,base:lr
0.2804759327641888,0.5212132405134694,0.36453534104955615,0.35610298203370994,0.31612803736258893,0.28768606224627874,0.2727908340475439,0.2602404395365283,0.0,0.0,0.0,0.0,0.40165933987496166,0.6266179321909553,0.42720916595245606,0.2727908340475439,0.5057389559072568,False,0.2805,0.3421,0.36245954692556637,0.07008633824276282,45.520694444444445,190336,47831,fold1,pump72_base:cb,24.3,0.45578239460905123,0.2430407489905066,0.5240529086939771,0.45695925100949336,0.42666632785302266,False,0.23734877987586042,0.5588288172595351,0.4626512201241395,pump,base:cb
0.3597566938757149,0.6757098446577299,0.5535864978902953,0.48658764815970057,0.39547008836374714,0.3597572232991784,0.3264580608377771,0.293772239755567,0.18476948760755105,0.05940670348015924,0.0,0.0,0.3957265044396644,0.5738514604904982,0.37317629576551303,0.3270420168067227,0.49978168742776424,False,0.3598,0.4827,0.3333333333333333,0.06695818529652911,43.45666666666666,196765,38935,fold2,pump72_base:cb,31.3,0.4879377655698717,0.3376442548921224,0.4720624342336022,0.3902933108742753,0.3299300160991942,False,0.348547263545416,0.44665029814100315,0.4048024383135808,pump,base:cb
0.4125309220424592,0.6568741611397231,0.6166900875581018,0.5457980580666763,0.48473433782712133,0.41086095100864556,0.34921607055365017,0.31132367114618753,0.26481936162749914,0.11999298491757278,0.05263065591020694,0.047948088390038585,0.4150752097079535,0.6311388785279124,0.3507839294463498,0.34921607055365017,0.5,False,0.4125,0.5892,0.42278481012658226,0.07735062528948587,49.888888888888886,241627,57020,fold3,pump72_base:cb,89.3,0.47555688193161555,0.29274818305247186,0.4891681494661922,0.4180836674813359,0.3157390401660944,False,0.28707723309243344,0.5133229537366548,0.4129227669075665,pump,base:cb
0.4092206614907986,0.6550050166166796,0.8484002976190477,0.6084015423121153,0.48160177022734574,0.3983918128654971,0.31913052114814344,0.26774849883380475,0.28718861209964414,0.20665035587188613,0.16365658362989324,0.12713523131672597,0.40060187827530747,0.5422420551166858,0.3363434163701068,0.7010289634146342,0.16365658362989324,False,0.4092,0.5513,0.46134020618556704,0.08473320158102766,51.32472222222222,237937,44960,fold4,pump72_base:cb,110.6,,,,,,,,,,pump,base:cb
0.36146189156679853,0.5641448682343995,0.6121791044776119,0.45571006762548816,0.371135353117568,0.33421838698971124,0.28866788166994556,0.2746358921360357,0.16391043465534905,0.11183123915452321,0.05433714536597604,0.028182559427986035,0.40314514006232544,0.6268018911808841,0.41133186867867627,0.2886785847929216,0.4999895465284021,False,0.3615,0.4749,0.36942675159235666,0.06932453021838497,50.516666666666666,190336,47831,fold1,pump72_hn:lr:4:oof+near,56.8,0.3166866393490382,0.27289332293658336,0.6561705406446642,0.4271066770634166,0.4757909181002719,False,0.28326385726462794,0.6230640811609092,0.416736142735372,pump,hn:lr:4:oof+near
0.39864646402643267,0.6854643888005897,0.7100947521865889,0.5040119063025754,0.4070888896626162,0.37139314160347214,0.3506285343802903,0.3131971256971257,0.20202902273019135,0.14806729163991267,0.1056376011300886,0.059817644792603056,0.41311278195488726,0.5652840810259492,0.34937146561970966,0.3506285343802903,0.5000385257480416,False,0.3986,0.6061,0.4031620553359684,0.06996447116698551,46.823055555555555,196765,38935,fold2,pump72_hn:lr:4:oof+near,76.5,0.36852479128177584,0.3612549987922381,0.47211504735180637,0.3666299538559555,0.30840096512393067,False,0.37704220807790456,0.4508768853034023,0.3720809066186931,pump,hn:lr:4:oof+near
0.46629711298457005,0.6693209043237617,0.8454922894424673,0.6339077265147304,0.5427683723289582,0.48586944947289956,0.3818746818827185,0.33228447396789323,0.372728867064188,0.23444405471764293,0.14258155033321643,0.1097334268677657,0.44314852638096913,0.6069961038131534,0.3109584461931617,0.4707321886717979,0.41830936513504036,False,0.4663,0.5358,0.3629943502824859,0.060907827698008336,50.098333333333336,241627,57020,fold3,pump72_hn:lr:4:oof+near,80.7,0.40135926836420227,0.4904812549853762,0.41029804270462633,0.2992207023099974,0.1580670513623354,False,0.4376302709636043,0.4856761565836299,0.27669357245276577,pump,hn:lr:4:oof+near
0.4739953927513527,0.7225990451178912,0.9334535617673579,0.7185552181556657,0.5344322054045487,0.45987827954789545,0.3968926553672316,0.3353510745404149,0.33894572953736657,0.2605427046263345,0.21272241992882562,0.1755338078291815,0.44355998249598866,0.5646475419154707,0.28699443295380417,0.6999050332383666,0.21310053380782917,False,0.474,0.5558,0.44563758389261743,0.07806324110671936,51.97416666666667,237937,44960,fold4,pump72_hn:lr:4:oof+near,114.4,,,,,,,,,,pump,hn:lr:4:oof+near
