n,n_positive,roc_auc,avg_precision,precision_at_recall_0.5,recall_at_precision_0.7,precision_top_0.1pct,recall_top_0.1pct,precision_top_0.5pct,recall_top_0.5pct,precision_top_1pct,recall_top_1pct,precision_top_2pct,recall_top_2pct,precision_top_5pct,recall_top_5pct,n_days,daily_precision_top_0.1pct,daily_recall_top_0.1pct,daily_precision_top_0.5pct,daily_recall_top_0.5pct,daily_precision_top_1pct,daily_recall_top_1pct,daily_precision_top_2pct,daily_recall_top_2pct,daily_precision_top_5pct,daily_recall_top_5pct,model,fold,n_train,n_valid,quantile,segment,n_rows
256590,9321,0.8435,0.1154,0.1243,,0.1602,0.0044,0.039,0.0054,0.0819,0.0225,0.1249,0.0688,0.1089,0.1499,365,0.0522,0.0021,0.0665,0.008,0.06,0.0153,0.0535,0.0284,0.0459,0.0622,logistic_regression,fold1,876547,256590,0.5,chronic,2153951
256590,9321,0.8635,0.1467,0.1595,0.0001,0.0469,0.0013,0.1225,0.0168,0.1115,0.0307,0.1393,0.0767,0.1744,0.2401,365,0.1749,0.0072,0.1775,0.0215,0.1629,0.0416,0.1344,0.0715,0.1009,0.1369,catboost,fold1,876547,256590,0.5,chronic,2153951
284884,8245,0.7113,0.0658,0.0821,,0.1444,0.005,0.0751,0.013,0.0614,0.0212,0.0527,0.0364,0.0521,0.09,365,0.0232,0.0011,0.0223,0.0034,0.0262,0.0085,0.0233,0.0156,0.0288,0.0491,logistic_regression,fold2,1133137,284884,0.5,chronic,2153951
284884,8245,0.7964,0.1677,0.15,0.0306,0.7324,0.0252,0.4228,0.073,0.2872,0.0992,0.2152,0.1487,0.1644,0.2841,365,0.1907,0.009,0.1773,0.027,0.1465,0.0475,0.1308,0.0877,0.1022,0.1744,catboost,fold2,1133137,284884,0.5,chronic,2153951
230398,9300,0.8722,0.1757,0.1826,,0.0478,0.0012,0.2763,0.0342,0.2484,0.0615,0.2448,0.1213,0.1927,0.2387,366,0.0228,0.001,0.0302,0.0033,0.0383,0.0088,0.0407,0.0194,0.0475,0.058,logistic_regression,fold3,1418021,230398,0.5,chronic,2153951
230398,9300,0.862,0.1893,0.1981,,0.5652,0.014,0.2841,0.0352,0.2384,0.059,0.2034,0.1008,0.2275,0.2817,366,0.1392,0.0059,0.1848,0.0204,0.1704,0.0392,0.1475,0.0702,0.1223,0.1492,catboost,fold3,1418021,230398,0.5,chronic,2153951
360841,9514,0.788,0.0617,0.0755,,0.0,0.0,0.0033,0.0006,0.0111,0.0042,0.0164,0.0124,0.0303,0.0574,365,0.0279,0.0014,0.0446,0.0078,0.0492,0.0178,0.051,0.0378,0.0477,0.0896,logistic_regression,fold4,1648419,360841,0.5,chronic,2153951
360841,9514,0.9435,0.3901,0.4605,0.0023,0.5111,0.0193,0.5028,0.0953,0.4767,0.1808,0.4816,0.3653,0.3694,0.7004,365,0.1481,0.0073,0.1367,0.0239,0.1272,0.0459,0.1177,0.0872,0.095,0.1785,catboost,fold4,1648419,360841,0.5,chronic,2153951
449172,2556,0.6789,0.0621,0.0196,0.034,0.216,0.0379,0.0722,0.0634,0.0652,0.1146,0.0583,0.205,0.0354,0.3114,365,0.0244,0.0039,0.0202,0.0164,0.0227,0.0383,0.0175,0.0603,0.0196,0.1706,logistic_regression,fold1,1400751,449172,0.5,non_chronic,3590896
449172,2556,0.6258,0.0144,0.0072,,0.0156,0.0027,0.0517,0.0454,0.0441,0.0775,0.0267,0.0939,0.0187,0.1639,365,0.0196,0.0031,0.0087,0.007,0.0097,0.0164,0.01,0.0344,0.0082,0.0716,catboost,fold1,1400751,449172,0.5,non_chronic,3590896
501173,958,0.9089,0.156,0.0231,0.0668,0.3413,0.1785,0.125,0.3267,0.0661,0.3455,0.0343,0.3591,0.0216,0.5647,365,0.0046,0.0021,0.0107,0.0261,0.0145,0.0731,0.0129,0.1326,0.0105,0.2724,logistic_regression,fold2,1849923,501173,0.5,non_chronic,3590896
501173,958,0.6596,0.0032,0.0033,,0.0,0.0,0.0028,0.0073,0.0028,0.0146,0.003,0.0313,0.0022,0.0585,365,0.0092,0.0042,0.0116,0.0282,0.011,0.0553,0.0114,0.1169,0.0092,0.2401,catboost,fold2,1849923,501173,0.5,non_chronic,3590896
329241,1301,0.4004,0.0073,0.0023,,0.0,0.0,0.0164,0.0208,0.0219,0.0553,0.0219,0.1107,0.0151,0.1914,366,0.0101,0.0031,0.0086,0.01,0.0096,0.0231,0.01,0.0492,0.0072,0.0899,logistic_regression,fold3,2351096,329241,0.5,non_chronic,3590896
329241,1301,0.5576,0.0106,0.0043,,0.0729,0.0184,0.0358,0.0453,0.0298,0.0753,0.0243,0.123,0.0137,0.1729,366,0.0276,0.0085,0.0238,0.0277,0.0245,0.0592,0.0196,0.0968,0.0126,0.1576,catboost,fold3,2351096,329241,0.5,non_chronic,3590896
475995,3397,0.8012,0.0531,0.0404,0.013,0.1347,0.0188,0.0572,0.04,0.0748,0.1048,0.0625,0.1752,0.0524,0.3674,365,0.0847,0.0118,0.0556,0.0362,0.0461,0.0621,0.0352,0.0969,0.0236,0.164,logistic_regression,fold4,2680337,475995,0.5,non_chronic,3590896
475995,3397,0.7433,0.0342,0.0269,0.0068,0.1453,0.0203,0.0437,0.0306,0.0324,0.0453,0.0303,0.0848,0.0326,0.2284,365,0.0869,0.0121,0.0425,0.0277,0.0317,0.0427,0.0245,0.0674,0.0196,0.1363,catboost,fold4,2680337,475995,0.5,non_chronic,3590896
165109,7543,0.8149,0.1165,0.1211,,0.103,0.0023,0.0509,0.0056,0.0709,0.0155,0.0945,0.0414,0.1119,0.1225,365,0.0674,0.0033,0.0864,0.0084,0.0884,0.0174,0.0773,0.0321,0.0704,0.0754,logistic_regression,fold1,530504,165109,0.67,chronic,1370856
165109,7543,0.913,0.3055,0.354,,0.0303,0.0007,0.2048,0.0224,0.2465,0.054,0.3552,0.1555,0.3657,0.4002,365,0.159,0.0078,0.2085,0.0202,0.1943,0.0382,0.1584,0.0658,0.1341,0.1436,catboost,fold1,530504,165109,0.67,chronic,1370856
171663,5256,0.6877,0.0642,0.0737,,0.1053,0.0034,0.1107,0.0181,0.0862,0.0282,0.0585,0.0382,0.0655,0.1069,365,0.0162,0.0011,0.023,0.0032,0.034,0.0101,0.0329,0.0204,0.0272,0.0436,logistic_regression,fold2,695613,171663,0.67,chronic,1370856
171663,5256,0.7079,0.1696,0.102,0.0312,0.7251,0.0236,0.5559,0.0908,0.4219,0.1377,0.2668,0.1743,0.1661,0.2713,365,0.1806,0.0127,0.1908,0.0268,0.1651,0.0489,0.1418,0.0877,0.1141,0.1828,catboost,fold2,695613,171663,0.67,chronic,1370856
157771,8584,0.8583,0.2393,0.1904,,0.4904,0.009,0.5977,0.0549,0.3691,0.0678,0.283,0.104,0.293,0.2692,366,0.0337,0.0015,0.0719,0.0062,0.093,0.0156,0.0965,0.0337,0.0904,0.0813,logistic_regression,fold3,867276,157771,0.67,chronic,1370856
157771,8584,0.826,0.1912,0.2094,,0.586,0.0107,0.3261,0.0299,0.2555,0.0469,0.2086,0.0767,0.2058,0.1891,366,0.1503,0.0068,0.1723,0.0148,0.1596,0.0268,0.1466,0.0511,0.1239,0.1114,catboost,fold3,867276,157771,0.67,chronic,1370856
254667,8870,0.735,0.0591,0.0705,,0.0,0.0,0.0,0.0,0.0,0.0,0.0,0.0,0.0,0.0,365,0.0679,0.0034,0.0706,0.0094,0.0718,0.0194,0.0691,0.0383,0.065,0.0921,logistic_regression,fold4,1025047,254667,0.67,chronic,1370856
254667,8870,0.9353,0.4043,0.4399,0.0024,0.3504,0.01,0.5797,0.0832,0.544,0.1561,0.4677,0.2685,0.4199,0.6028,365,0.1561,0.0078,0.1455,0.0193,0.1402,0.0379,0.129,0.0716,0.1172,0.166,catboost,fold4,1025047,254667,0.67,chronic,1370856
540653,4334,0.8109,0.0801,0.0747,0.0148,0.2778,0.0346,0.141,0.0879,0.1232,0.1537,0.0792,0.1975,0.0747,0.4659,365,0.0352,0.0037,0.0271,0.0157,0.0226,0.0272,0.0212,0.0519,0.0179,0.1108,logistic_regression,fold1,1746794,540653,0.67,non_chronic,4373991
540653,4334,0.8248,0.0503,0.0646,,0.0074,0.0009,0.0551,0.0344,0.0832,0.1038,0.0841,0.2097,0.0721,0.4495,365,0.0441,0.0046,0.0386,0.0224,0.0379,0.0457,0.0322,0.0789,0.0253,0.1567,catboost,fold1,1746794,540653,0.67,non_chronic,4373991
614394,3947,0.8623,0.0633,0.0609,0.0124,0.2264,0.0352,0.0944,0.0735,0.062,0.0965,0.042,0.1307,0.0607,0.4725,365,0.0192,0.0025,0.0213,0.0157,0.0183,0.0276,0.0149,0.0459,0.0138,0.1067,logistic_regression,fold2,2287447,614394,0.67,non_chronic,4373991
614394,3947,0.8225,0.0251,0.0293,,0.0521,0.0081,0.0218,0.017,0.0213,0.0332,0.0277,0.0861,0.0307,0.2387,365,0.0575,0.0076,0.033,0.0243,0.03,0.0454,0.0275,0.0844,0.0218,0.1687,catboost,fold2,2287447,614394,0.67,non_chronic,4373991
401868,2017,0.834,0.0314,0.0336,,0.0399,0.0079,0.0294,0.0293,0.0498,0.0992,0.0534,0.2127,0.0388,0.3862,366,0.0265,0.0055,0.0283,0.0258,0.0224,0.0426,0.0173,0.0674,0.0133,0.1309,logistic_regression,fold3,2901841,401868,0.67,non_chronic,4373991
401868,2017,0.8491,0.0526,0.0458,,0.1272,0.0253,0.1085,0.1081,0.0926,0.1844,0.071,0.2831,0.0482,0.4804,366,0.0337,0.0069,0.0451,0.0412,0.0445,0.0848,0.0382,0.1487,0.0286,0.2821,catboost,fold3,2901841,401868,0.67,non_chronic,4373991
582169,4041,0.8055,0.0493,0.049,,0.1323,0.0191,0.0773,0.0557,0.0581,0.0836,0.056,0.1613,0.0521,0.3754,365,0.1402,0.0183,0.0726,0.049,0.0514,0.0718,0.0365,0.1034,0.0215,0.1542,logistic_regression,fold4,3303709,582169,0.67,non_chronic,4373991
582169,4041,0.8668,0.0871,0.0764,0.0007,0.2302,0.0332,0.167,0.1203,0.1374,0.198,0.113,0.3257,0.0728,0.5244,365,0.1288,0.0168,0.0909,0.0614,0.0778,0.1086,0.0639,0.1811,0.0448,0.3205,catboost,fold4,3303709,582169,0.67,non_chronic,4373991
125622,3791,0.7725,0.0685,0.0722,,0.144,0.0047,0.0669,0.0111,0.051,0.0169,0.0545,0.0361,0.0567,0.0939,365,0.0759,0.0074,0.0893,0.0132,0.0821,0.024,0.0707,0.0438,0.0551,0.0886,logistic_regression,fold1,467319,125622,0.75,chronic,1090204
125622,3791,0.8933,0.2412,0.2111,0.0003,0.432,0.0142,0.4952,0.082,0.4307,0.1427,0.3336,0.221,0.2473,0.4097,365,0.1518,0.0148,0.1929,0.0285,0.1867,0.0546,0.1525,0.0944,0.1302,0.2094,catboost,fold1,467319,125622,0.75,chronic,1090204
116904,4566,0.7242,0.0864,0.0789,,0.1638,0.0042,0.1284,0.0164,0.124,0.0318,0.1424,0.0729,0.1083,0.1386,365,0.0327,0.0026,0.0489,0.0059,0.0626,0.0142,0.0629,0.03,0.0573,0.0712,logistic_regression,fold2,592941,116904,0.75,chronic,1090204
116904,4566,0.6157,0.1833,0.0986,0.0523,0.7241,0.0184,0.6233,0.0797,0.5261,0.1347,0.3259,0.1669,0.1967,0.2519,365,0.1771,0.0142,0.192,0.0232,0.1792,0.0407,0.1542,0.0736,0.1175,0.1461,catboost,fold2,592941,116904,0.75,chronic,1090204
121301,7544,0.8663,0.2736,0.2454,0.0419,0.7851,0.0126,0.665,0.0534,0.4905,0.0789,0.2993,0.0962,0.351,0.2822,366,0.0548,0.0028,0.1131,0.0091,0.1404,0.0204,0.1413,0.0428,0.1163,0.0908,logistic_regression,fold3,709845,121301,0.75,chronic,1090204
121301,7544,0.7765,0.1959,0.1904,0.0049,0.6116,0.0098,0.3977,0.0319,0.3059,0.0492,0.2494,0.0802,0.2533,0.2036,366,0.1593,0.0081,0.1803,0.0146,0.1723,0.0251,0.168,0.0509,0.1634,0.1275,catboost,fold3,709845,121301,0.75,chronic,1090204
199174,8692,0.6954,0.0658,0.081,,0.0,0.0,0.0,0.0,0.0,0.0,0.0,0.0,0.0,0.0,365,0.0868,0.0044,0.0852,0.0095,0.0907,0.0196,0.0935,0.0412,0.088,0.0991,logistic_regression,fold4,831146,199174,0.75,chronic,1090204
199174,8692,0.9143,0.38,0.4473,0.0007,0.6181,0.0142,0.4543,0.052,0.4601,0.1054,0.4921,0.2255,0.4455,0.5104,365,0.1758,0.0089,0.1694,0.019,0.1596,0.0344,0.1449,0.0639,0.1333,0.15,catboost,fold4,831146,199174,0.75,chronic,1090204
580140,8086,0.8928,0.1288,0.1243,,0.0845,0.0061,0.2579,0.0925,0.2377,0.1705,0.1778,0.2551,0.1261,0.4525,365,0.0513,0.0031,0.0361,0.0121,0.0317,0.022,0.03,0.0424,0.0278,0.0989,logistic_regression,fold1,1809979,580140,0.75,non_chronic,4654643
580140,8086,0.8186,0.0812,0.0998,,0.0086,0.0006,0.0848,0.0304,0.1083,0.0777,0.1272,0.1825,0.1129,0.405,365,0.0698,0.0042,0.055,0.0184,0.0488,0.0339,0.0432,0.0611,0.0372,0.1325,catboost,fold1,1809979,580140,0.75,non_chronic,4654643
669153,4637,0.9207,0.0628,0.0683,,0.1824,0.0263,0.0789,0.0569,0.0451,0.0651,0.038,0.1098,0.0679,0.49,365,0.0319,0.0039,0.0226,0.0155,0.0204,0.0287,0.0152,0.0433,0.013,0.0934,logistic_regression,fold2,2390119,669153,0.75,non_chronic,4654643
669153,4637,0.8772,0.0767,0.0573,,0.1779,0.0257,0.1895,0.1367,0.1326,0.1913,0.0933,0.2694,0.0614,0.4432,365,0.0442,0.0054,0.0327,0.0224,0.0316,0.0444,0.0282,0.0804,0.0255,0.1829,catboost,fold2,2390119,669153,0.75,non_chronic,4654643
438338,3057,0.7877,0.0318,0.0356,,0.0388,0.0056,0.0438,0.0314,0.0445,0.0638,0.0516,0.1479,0.0464,0.3327,366,0.0269,0.0039,0.024,0.016,0.019,0.0262,0.0161,0.0451,0.0143,0.1017,logistic_regression,fold3,3059272,438338,0.75,non_chronic,4654643
438338,3057,0.8445,0.0619,0.0514,,0.1073,0.0154,0.152,0.1089,0.1077,0.1544,0.0884,0.2535,0.0632,0.4527,366,0.0448,0.0065,0.0343,0.0229,0.0358,0.0494,0.0364,0.1024,0.027,0.1923,catboost,fold3,3059272,438338,0.75,non_chronic,4654643
637662,4219,0.789,0.0445,0.0491,,0.1366,0.0206,0.0737,0.0557,0.0491,0.0742,0.0543,0.1643,0.0492,0.3719,365,0.1274,0.0173,0.0684,0.0488,0.0511,0.0749,0.0351,0.1045,0.02,0.15,logistic_regression,fold4,3497610,637662,0.75,non_chronic,4654643
637662,4219,0.8747,0.0963,0.0804,0.0005,0.2841,0.0429,0.1891,0.1429,0.1341,0.2027,0.1182,0.3572,0.0713,0.5388,365,0.1204,0.0164,0.0959,0.0685,0.0826,0.1211,0.0703,0.2095,0.0491,0.3688,catboost,fold4,3497610,637662,0.75,non_chronic,4654643
