n,n_positive,roc_auc,avg_precision,precision_at_recall_0.5,recall_at_precision_0.7,precision_top_0.1pct,recall_top_0.1pct,precision_top_0.5pct,recall_top_0.5pct,precision_top_1pct,recall_top_1pct,precision_top_2pct,recall_top_2pct,precision_top_5pct,recall_top_5pct,n_days,daily_precision_top_0.1pct,daily_recall_top_0.1pct,daily_precision_top_0.5pct,daily_recall_top_0.5pct,daily_precision_top_1pct,daily_recall_top_1pct,daily_precision_top_2pct,daily_recall_top_2pct,daily_precision_top_5pct,daily_recall_top_5pct,model,split,segment,n_train_rows,variant
179439,8395,0.759,0.112,0.1071,,0.1899,0.0041,0.097,0.0104,0.1433,0.0306,0.1377,0.0588,0.1546,0.1652,366,0.0545,0.0024,0.0619,0.0056,0.0775,0.0149,0.0914,0.037,0.093,0.0974,logistic_regression,valid,all,1494051,global_model
179439,8395,0.7608,0.1129,0.1105,,0.0279,0.0006,0.0992,0.0106,0.0981,0.021,0.129,0.0552,0.1614,0.1725,366,0.0191,0.0008,0.0329,0.003,0.062,0.0119,0.0811,0.0329,0.0916,0.096,logistic_regression,valid,all,1494051,global_model_plus_chronic_flag
106273,7921,0.63,0.1195,0.117,,0.2547,0.0034,0.1168,0.0078,0.0904,0.0121,0.1591,0.0427,0.1287,0.0864,366,0.1011,0.0047,0.0925,0.0054,0.0918,0.0104,0.102,0.025,0.0956,0.0621,logistic_regression,valid,chronic,1494051,global_model
106273,7921,0.6305,0.1224,0.1172,,0.4811,0.0064,0.1507,0.0101,0.1224,0.0164,0.1172,0.0314,0.1607,0.1078,366,0.0929,0.0043,0.0753,0.0044,0.0705,0.008,0.0886,0.0217,0.0937,0.0609,logistic_regression,valid,chronic,1494051,global_model_plus_chronic_flag
106273,7921,0.6141,0.1223,0.1064,0.0037,0.3113,0.0042,0.3409,0.0229,0.2363,0.0317,0.1369,0.0367,0.1649,0.1106,366,0.1093,0.005,0.1032,0.0061,0.1041,0.0117,0.105,0.0258,0.1073,0.0697,logistic_regression,valid,chronic,573070,separate_chronic_model
73166,474,0.9186,0.036,0.041,,0.0,0.0,0.0027,0.0021,0.0109,0.0169,0.0109,0.0338,0.0388,0.2996,366,0.0055,0.0042,0.005,0.0042,0.008,0.0105,0.0138,0.038,0.0324,0.2384,logistic_regression,valid,non_chronic,1494051,global_model
73166,474,0.9079,0.035,0.0415,,0.0,0.0,0.0027,0.0021,0.0109,0.0169,0.0185,0.057,0.0361,0.2785,366,0.0082,0.0063,0.0074,0.0063,0.0096,0.0127,0.0169,0.0464,0.031,0.2278,logistic_regression,valid,non_chronic,1494051,global_model_plus_chronic_flag
73166,474,0.9187,0.0355,0.0376,,0.0,0.0,0.0137,0.0105,0.0137,0.0211,0.013,0.0401,0.0323,0.2489,366,0.0164,0.0127,0.0174,0.0148,0.0208,0.0274,0.03,0.0823,0.0269,0.1983,logistic_regression,valid,non_chronic,920981,separate_chronic_model
430018,21997,0.8495,0.189,0.2142,,0.2628,0.0051,0.2809,0.0275,0.2198,0.043,0.2226,0.087,0.2209,0.2159,546,0.067,0.002,0.11,0.0095,0.1162,0.0213,0.1173,0.0445,0.1251,0.1208,logistic_regression,test,all,1494051,global_model
430018,21997,0.853,0.1974,0.2189,,0.0279,0.0005,0.3219,0.0315,0.2756,0.0539,0.2364,0.0924,0.2392,0.2338,546,0.0857,0.0025,0.1189,0.0103,0.1194,0.0219,0.1214,0.046,0.127,0.1227,logistic_regression,test,all,1494051,global_model_plus_chronic_flag
192778,21238,0.6828,0.1984,0.2217,,0.2969,0.0027,0.3624,0.0164,0.3005,0.0273,0.2278,0.0413,0.2249,0.1021,546,0.0696,0.0018,0.0899,0.0033,0.1028,0.008,0.1149,0.0194,0.1253,0.0553,logistic_regression,test,chronic,1494051,global_model
192778,21238,0.6822,0.2043,0.2236,,0.0156,0.0001,0.3738,0.017,0.3565,0.0323,0.2939,0.0533,0.2476,0.1123,546,0.0842,0.0022,0.1013,0.0038,0.118,0.0092,0.1252,0.0211,0.1323,0.0584,logistic_regression,test,chronic,1494051,global_model_plus_chronic_flag
192778,21238,0.7013,0.2553,0.2499,0.0358,0.8906,0.0081,0.7175,0.0325,0.5195,0.0471,0.3782,0.0687,0.3083,0.1399,546,0.0934,0.0024,0.1266,0.0047,0.1379,0.0107,0.1389,0.0234,0.139,0.0614,logistic_regression,test,chronic,573070,separate_chronic_model
237240,759,0.9475,0.0312,0.0312,,0.0295,0.0092,0.0287,0.0448,0.0215,0.0672,0.032,0.2003,0.0306,0.4783,546,0.0273,0.0224,0.0334,0.0527,0.0281,0.083,0.0193,0.1159,0.0165,0.253,logistic_regression,test,non_chronic,1494051,global_model
237240,759,0.9489,0.0543,0.0312,,0.0295,0.0092,0.1197,0.1871,0.0628,0.1963,0.0346,0.2161,0.0307,0.4796,546,0.0354,0.029,0.0434,0.0685,0.0299,0.0883,0.0214,0.1291,0.0192,0.2938,logistic_regression,test,non_chronic,1494051,global_model_plus_chronic_flag
237240,759,0.9598,0.0658,0.0453,,0.0506,0.0158,0.1147,0.1792,0.0666,0.2082,0.0474,0.2964,0.0403,0.6298,546,0.037,0.0303,0.045,0.0711,0.0384,0.1133,0.0335,0.2016,0.0259,0.3966,logistic_regression,test,non_chronic,920981,separate_chronic_model
179439,8395,0.7483,0.1246,0.099,,0.4581,0.0098,0.3155,0.0337,0.2642,0.0565,0.2174,0.0929,0.16,0.1709,366,0.158,0.0069,0.1607,0.0145,0.1538,0.0295,0.1404,0.0569,0.1345,0.1409,hist_gradient_boosting,valid,all,1494051,global_model
179439,8395,0.7483,0.1246,0.099,,0.4581,0.0098,0.3155,0.0337,0.2642,0.0565,0.2174,0.0929,0.16,0.1709,366,0.158,0.0069,0.1607,0.0145,0.1538,0.0295,0.1404,0.0569,0.1345,0.1409,hist_gradient_boosting,valid,all,1494051,global_model_plus_chronic_flag
106273,7921,0.5991,0.126,0.1012,,0.5566,0.0074,0.3653,0.0245,0.2985,0.04,0.248,0.0665,0.1848,0.124,366,0.1557,0.0072,0.1505,0.0088,0.159,0.0179,0.1478,0.0362,0.1432,0.093,hist_gradient_boosting,valid,chronic,1494051,global_model
106273,7921,0.5991,0.126,0.1012,,0.5566,0.0074,0.3653,0.0245,0.2985,0.04,0.248,0.0665,0.1848,0.124,366,0.1557,0.0072,0.1505,0.0088,0.159,0.0179,0.1478,0.0362,0.1432,0.093,hist_gradient_boosting,valid,chronic,1494051,global_model_plus_chronic_flag
106273,7921,0.6015,0.1205,0.1007,,0.5849,0.0078,0.2919,0.0196,0.2288,0.0307,0.2104,0.0564,0.1613,0.1082,366,0.1421,0.0066,0.1548,0.0091,0.1624,0.0183,0.1627,0.0399,0.1568,0.1019,hist_gradient_boosting,valid,chronic,573070,separate_chronic_model
73166,474,0.936,0.1194,0.0601,0.0169,0.3699,0.057,0.2301,0.1772,0.1368,0.211,0.0875,0.27,0.0615,0.4747,366,0.0492,0.038,0.0447,0.038,0.0417,0.0549,0.0569,0.1561,0.0399,0.2932,hist_gradient_boosting,valid,non_chronic,1494051,global_model
73166,474,0.936,0.1194,0.0601,0.0169,0.3699,0.057,0.2301,0.1772,0.1368,0.211,0.0875,0.27,0.0615,0.4747,366,0.0492,0.038,0.0447,0.038,0.0417,0.0549,0.0569,0.1561,0.0399,0.2932,hist_gradient_boosting,valid,non_chronic,1494051,global_model_plus_chronic_flag
73166,474,0.9266,0.0591,0.0501,,0.2603,0.0401,0.0658,0.0506,0.0534,0.0823,0.0396,0.1224,0.0506,0.3903,366,0.0464,0.0359,0.0447,0.038,0.0465,0.0612,0.0438,0.1203,0.0353,0.2595,hist_gradient_boosting,valid,non_chronic,920981,separate_chronic_model
430018,21997,0.7923,0.1419,0.1319,0.0003,0.1628,0.0032,0.1633,0.016,0.1765,0.0345,0.2231,0.0872,0.1932,0.1888,546,0.1386,0.004,0.1509,0.0131,0.1572,0.0288,0.1616,0.0612,0.143,0.1382,hist_gradient_boosting,test,all,1494051,global_model
430018,21997,0.7923,0.1419,0.1319,0.0003,0.1628,0.0032,0.1633,0.016,0.1765,0.0345,0.2231,0.0872,0.1932,0.1888,546,0.1386,0.004,0.1509,0.0131,0.1572,0.0288,0.1616,0.0612,0.143,0.1382,hist_gradient_boosting,test,all,1494051,global_model_plus_chronic_flag
192778,21238,0.5659,0.1813,0.1425,0.0003,0.375,0.0034,0.4559,0.0207,0.4261,0.0387,0.3901,0.0708,0.3029,0.1374,546,0.1465,0.0038,0.1835,0.0068,0.1996,0.0155,0.2019,0.0341,0.1928,0.0851,hist_gradient_boosting,test,chronic,1494051,global_model
192778,21238,0.5659,0.1813,0.1425,0.0003,0.375,0.0034,0.4559,0.0207,0.4261,0.0387,0.3901,0.0708,0.3029,0.1374,546,0.1465,0.0038,0.1835,0.0068,0.1996,0.0155,0.2019,0.0341,0.1928,0.0851,hist_gradient_boosting,test,chronic,1494051,global_model_plus_chronic_flag
192778,21238,0.5856,0.1861,0.1536,0.0065,0.7083,0.0064,0.4642,0.021,0.3939,0.0357,0.316,0.0574,0.2854,0.1295,546,0.1648,0.0042,0.1861,0.0069,0.199,0.0155,0.1891,0.0319,0.187,0.0826,hist_gradient_boosting,test,chronic,573070,separate_chronic_model
237240,759,0.9521,0.0314,0.0338,0.0013,0.0169,0.0053,0.0202,0.0316,0.0139,0.0435,0.02,0.1252,0.0346,0.5402,546,0.0579,0.0474,0.0409,0.0646,0.0433,0.1278,0.0339,0.2042,0.0252,0.386,hist_gradient_boosting,test,non_chronic,1494051,global_model
237240,759,0.9521,0.0314,0.0338,0.0013,0.0169,0.0053,0.0202,0.0316,0.0139,0.0435,0.02,0.1252,0.0346,0.5402,546,0.0579,0.0474,0.0409,0.0646,0.0433,0.1278,0.0339,0.2042,0.0252,0.386,hist_gradient_boosting,test,non_chronic,1494051,global_model_plus_chronic_flag
237240,759,0.8694,0.0778,0.0468,0.0066,0.2658,0.083,0.0944,0.1476,0.0653,0.2042,0.0514,0.3215,0.0416,0.6509,546,0.0402,0.0329,0.045,0.0711,0.0393,0.1159,0.0295,0.1779,0.0232,0.3557,hist_gradient_boosting,test,non_chronic,920981,separate_chronic_model
179439,8395,0.7549,0.131,0.1052,,0.5196,0.0111,0.3824,0.0409,0.2715,0.058,0.2046,0.0874,0.1572,0.168,366,0.1744,0.0076,0.17,0.0154,0.1681,0.0323,0.171,0.0693,0.1416,0.1483,catboost,valid,all,1494051,global_model
179439,8395,0.7537,0.1277,0.1021,0.0006,0.4637,0.0099,0.2999,0.032,0.2469,0.0528,0.197,0.0842,0.1649,0.1762,366,0.1798,0.0079,0.1726,0.0156,0.1706,0.0328,0.1727,0.07,0.1438,0.1507,catboost,valid,all,1494051,global_model_plus_chronic_flag
106273,7921,0.614,0.1336,0.1081,,0.5189,0.0069,0.4105,0.0275,0.3597,0.0482,0.2409,0.0646,0.1799,0.1207,366,0.1694,0.0078,0.1634,0.0096,0.168,0.0189,0.173,0.0424,0.157,0.102,catboost,valid,chronic,1494051,global_model
106273,7921,0.613,0.1315,0.1063,0.0006,0.4434,0.0059,0.3898,0.0261,0.2881,0.0386,0.2306,0.0619,0.1865,0.1251,366,0.1831,0.0085,0.1742,0.0102,0.1747,0.0197,0.1797,0.0441,0.1609,0.1045,catboost,valid,chronic,1494051,global_model_plus_chronic_flag
106273,7921,0.6137,0.1248,0.1028,,0.3962,0.0053,0.2693,0.0181,0.29,0.0389,0.2362,0.0634,0.185,0.1241,366,0.1585,0.0073,0.1505,0.0088,0.159,0.0179,0.1751,0.0429,0.1597,0.1038,catboost,valid,chronic,573070,separate_chronic_model
73166,474,0.927,0.0829,0.0449,0.0253,0.3151,0.0485,0.1315,0.1013,0.093,0.1435,0.0697,0.2152,0.0424,0.327,366,0.0546,0.0422,0.0496,0.0422,0.0465,0.0612,0.043,0.1181,0.0381,0.2806,catboost,valid,non_chronic,1494051,global_model
73166,474,0.9269,0.052,0.0426,0.0021,0.1233,0.019,0.0795,0.0612,0.0684,0.1055,0.054,0.1667,0.0465,0.3586,366,0.0628,0.0485,0.0596,0.0506,0.0529,0.0696,0.0461,0.1266,0.0373,0.2743,catboost,valid,non_chronic,1494051,global_model_plus_chronic_flag
73166,474,0.9054,0.0433,0.0432,,0.0685,0.0105,0.0438,0.0338,0.0629,0.097,0.0437,0.135,0.0462,0.3565,366,0.0519,0.0401,0.0596,0.0506,0.0561,0.0738,0.0461,0.1266,0.0378,0.2785,catboost,valid,non_chronic,920981,separate_chronic_model
430018,21997,0.8143,0.1615,0.1496,,0.2093,0.0041,0.2428,0.0237,0.227,0.0444,0.256,0.1001,0.2162,0.2113,546,0.1511,0.0044,0.1661,0.0144,0.1656,0.0303,0.1641,0.0622,0.1508,0.1457,catboost,test,all,1494051,global_model
430018,21997,0.8111,0.1718,0.1459,0.0002,0.5419,0.0106,0.386,0.0377,0.3107,0.0607,0.2538,0.0992,0.2112,0.2064,546,0.1526,0.0045,0.1702,0.0148,0.1708,0.0313,0.1673,0.0634,0.1517,0.1465,catboost,test,all,1494051,global_model_plus_chronic_flag
192778,21238,0.6062,0.1847,0.1592,,0.3542,0.0032,0.4496,0.0204,0.3684,0.0334,0.3279,0.0595,0.2792,0.1267,546,0.152,0.0039,0.1873,0.007,0.1906,0.0148,0.1857,0.0314,0.1835,0.081,catboost,test,chronic,1494051,global_model
192778,21238,0.5988,0.1862,0.1556,0.0001,0.3958,0.0036,0.513,0.0233,0.4203,0.0381,0.3642,0.0661,0.2744,0.1245,546,0.1703,0.0044,0.2051,0.0076,0.2033,0.0158,0.1921,0.0324,0.1901,0.084,catboost,test,chronic,1494051,global_model_plus_chronic_flag
192778,21238,0.6298,0.1978,0.167,0.0034,0.5781,0.0052,0.5337,0.0242,0.4603,0.0418,0.3619,0.0657,0.2703,0.1227,546,0.163,0.0042,0.1911,0.0071,0.2039,0.0159,0.1935,0.0327,0.1917,0.0847,catboost,test,chronic,573070,separate_chronic_model
237240,759,0.9551,0.0354,0.0358,0.0013,0.0295,0.0092,0.0228,0.0356,0.0304,0.0949,0.035,0.2187,0.0365,0.5705,546,0.0531,0.0435,0.0417,0.0659,0.042,0.1238,0.0302,0.1818,0.0254,0.3887,catboost,test,non_chronic,1494051,global_model
237240,759,0.9524,0.0514,0.0317,0.0066,0.1224,0.0382,0.0388,0.0606,0.0308,0.0962,0.0304,0.1897,0.0318,0.4967,546,0.0547,0.0448,0.04,0.0632,0.0451,0.1331,0.0339,0.2042,0.0254,0.3887,catboost,test,non_chronic,1494051,global_model_plus_chronic_flag
237240,759,0.9353,0.058,0.0315,,0.2025,0.0632,0.0531,0.083,0.0392,0.1225,0.0331,0.2069,0.0309,0.4822,546,0.0466,0.0382,0.0459,0.0725,0.0433,0.1278,0.0322,0.1937,0.0235,0.3597,catboost,test,non_chronic,920981,separate_chronic_model
