table,column,dtype_observed,n_rows_total,n_null,null_pct,n_distinct,min,max,example_values,notes
ext-journal-YYYY.csv,ид_события,integer (as text),313546219,0,0.0,~308500000 (see duplicate_statistics),1409185555,4790000000+,"1409185555; 2618058376",monotonically increasing per year but ranges overlap across years; duplicates exist within 2021/2022/2023
ext-journal-YYYY.csv,ид_канала_данных,integer (as text),313546219,0,0.0,12627 across all years,2866,337554,"213358; 50974; 196764",1142 of 12627 channel ids used in events are absent from справочник_каналов_датчиков.csv
ext-journal-YYYY.csv,дата,date YYYY-MM-DD (text),313546219,0,0.0,~2920 (8 years of days),2019-01-01,2026-06-30,"2019-02-11; 2024-01-01",one embedded duplicate header row in 2025 file parses to invalid date literal 'дата'
ext-journal-YYYY.csv,время,time HH:MM:SS (text),313546219,0,0.0,86400 max possible,00:00:00,23:59:59,"09:58:46; 00:00:01",no fractional seconds; resolution 1 second
ext-journal-YYYY.csv,тревожное,boolean flag 'f'/'t' (2025 also has 1 literal 'тревожное' from embedded header),313546219,0,0.0,2 (3 counting header artifact),f,t,"f; t",schema drift vs example file which uses 'false'/'true' instead of 'f'/'t'
ext-journal-YYYY.csv,значение_датчика,mixed: numeric string OR categorical Russian literal OR stray datetime literal,313546219,0,0.0,"~1400+ (dominated by gas sensor numeric readings) + ~34 recurring categorical literals",-,-,"'0.01'; 'Норма'; 'Неисправен'; '01.01.1970 03:00:00'",single column conflates continuous measurement and discrete device-state semantics depending on тип_датчика; requires type-aware downstream parsing per channel type
журнал_событий_пример.csv,тревожное,boolean text 'false'/'true',169993,0,0.0,2,false,true,"false; true",DIFFERENT encoding than main journals ('f'/'t') - schema drift between example file and production files
журнал_событий_пример.csv,значение_датчика,mostly small integer-like raw codes plus same categorical literals,169993,0,0.0,-,-,-,"'28'; '29'; 'Снято с охраны'",contains channel ids (2943, 9330, 171368) outside main справочник range in places - appears to mix a couple of subsystems
справочник_каналов_датчиков.csv,ид_канала_данных,integer (as text),11485,0,0.0,11485,2866,337554,"120578; 120504",primary key, no duplicates
справочник_каналов_датчиков.csv,тип_инж_системы,categorical (6 values),11485,0,0.0,6,-,-,"Пожарная охрана; Охранная подсистема",see category_statistics.csv for full distribution
справочник_каналов_датчиков.csv,тип_датчика,categorical (18 values),11485,0,0.0,18,-,-,"Датчик дыма; КД Дверь",see category_statistics.csv
справочник_каналов_датчиков.csv,тег_инженерной_системы,structured dot-separated hierarchical code,11485,0,0.0,~11480,-,-,"15-11.1.131.2.; 15-11.1.4096.4095.",4-5 dot-separated tokens; no verified decoder table present in dataset (see 04_entity_relations.md)
справочник_каналов_датчиков.csv,название_датчика,free text label,11485,0,0.0,~9000+,-,-,"ТД ПК86-85; Темп. ВШ ПК88,5",contains пикет (ПК) references useful for coarse location parsing but not a clean geocoded field
справочник_объектов_диспетчер.csv,ид_объект,integer (as text),95,0,0.0,95,5,5966,"5122; 20",primary key of a SEPARATE small hierarchy, NOT verified to link to channels/events (see 04_entity_relations.md)
справочник_объектов_диспетчер.csv,вид_объекта,categorical (3 values),95,0,0.0,3,-,-,"controlHouse; guardObject; district",only 1 district-level row; no вентшахта/насос/люк/камера object types present anywhere in this file
