issue,severity,affected_scope,evidence,recommended_fix
Embedded duplicate header row mid-file (file is two concatenated half-year exports),medium,ext-journal-2025.csv line 26140585,grep confirms header text repeated exactly at 2025-06-30/2025-07-01 boundary,drop rows where ид_события='ид_события' before parsing; already automated in scripts via WHERE filter
Schema drift: тревожное encoding differs between files,medium,журнал_событий_пример.csv uses 'false'/'true'; ext-journal-*.csv use 'f'/'t',alarm_flag_values_by_year.csv,normalize to boolean at ingestion; do not assume a single encoding across sources
значение_датчика mixes numeric measurements and categorical device states in one column,high,all 313.5M rows,sensor_value_numeric_share_by_year.csv shows 22-68% non-numeric per year depending on channel-type mix,split parsing by joining to справочник_каналов_датчиков.тип_датчика first; never blind-cast to float
Sentinel/placeholder values disguised as timestamps or 'undefined',medium,83054 rows literal '01.01.1970 03:00:0x'; 7503339 rows 'Неопределен',sensor_value_non_numeric_top_literals.csv,treat as missing/unknown, not as valid readings
Duplicate ид_события within same year file,medium,"2019: 1491; 2021: 775099; 2022: 667317; 2023: 785998 groups",duplicate_event_id_by_year.csv,ид_события is not reliably unique - use composite key (source_year, ид_события) or dedup on (channel,timestamp,value)
ид_события reused across different year files,low-medium,at least 20 confirmed cross-year collisions in a partial scan,duplicate_event_id_across_years_sample.csv,never treat ид_события alone as a global primary key
Full-row duplicates (exact repeat of channel+timestamp+value+flag),medium,"peaks in 2023: 595920 groups / 614251 rows (1.9% of year)",duplicate_full_row_by_year.csv,deduplicate before counting/aggregating events or alarm rates
Conflicting readings at identical (channel, second)-resolution timestamp,medium,"0.3%-2.4% of rows per year, worst in 2023 (2.42%) and 2026 (1.91%)",conflicting_readings_same_timestamp_by_year.csv,1-second timestamp resolution is too coarse for some high-frequency channels (e.g. gas sensor emits multiple readings/second); keep both as valid ticks or aggregate to last-value-wins, document choice
Channel dictionary is a SNAPSHOT with growing coverage of historical events,high,"join coverage by year: 2019=82.1% channels matched, 2020=86.3%, 2021=90.4%, 2022=94.8%, 2023=99.0%, 2024-2026 ~99.7-100%",join_coverage.csv,early years (2019-2021) reference many retired/renamed channel ids absent from current dictionary; features requiring channel metadata will have systematically more missing data in older years -> do not naively train on full 2019-2026 history without accounting for this drift
1142 distinct channel ids appear in events but never in the channel dictionary,medium,relation_summary.csv,relation_summary.csv,exclude or impute channel-type metadata for these ids; do not silently drop (they are 9% of all channels ever seen)
справочник_объектов_диспетчер.csv has no verified relation to channels/events,high,"tag-token match test found only 16/570, 15/161, 10/32 distinct token values overlap object ids at 3 different tag positions - consistent with small-integer collision, not a real key (see tag_object_relation_check.py output)",object_id_in_channel_tag_match.csv,do not build any feature or join assuming this table maps to sensor objects; treat as an effectively disconnected/orphan reference table for this dataset
тег_инженерной_системы has no decoding dictionary (PDF Приложение 1 implies a 'Дерево объектов и инженерных систем' table should exist),high,"PDF appendix shows ид_записи, ид_системы, диспетчерское_название, название columns for this concept; NOT present in dataset/",PDF pages 13-14 vs dataset file listing,cannot reconstruct real building/object hierarchy from тег alone beyond coarse ПК (пикет) text parsing from название_датчика
No repair/incident/maintenance journal anywhere in dataset,critical,entire dataset (9 files total, only 4 distinct table shapes),file_inventory.csv - only ext-journal (event log), справочник_каналов_датчиков, справочник_объектов_диспетчер, журнал_событий_пример exist,infrastructure degradation (direction 4) has no supervised ground truth; must rely on weak proxies from the event stream itself (see 07_infrastructure_degradation.md)
No АРМ-Контроль / СКУД / access-permit log anywhere in dataset,critical,entire dataset,file_inventory.csv,unauthorized-access direction (direction 3) cannot use claimed data sources; only contact/motion sensor events (Охранная подсистема, 2211 channels) are available as an anomaly-detection substrate
No verified alarm outcome ('ложная тревога' / 'подтверждено') field anywhere,critical,entire dataset,category list of значение_датчика literals has no such value; cross-checked against full top-60 non-numeric literal list,cannot compute a true false-alarm rate as defined by PDF scenario 'диспетчер фиксирует решение (выезд/ложное срабатывание)' - тревожное flag only tells us an alarm fired, not whether it was real
No equipment registry with install dates / age / vent-shaft-pump-hatch asset ids,critical,entire dataset,column_statistics.csv + object_type_hierarchy_distribution.csv (only controlHouse/guardObject/district exist, no vent shaft/pump/hatch/chamber entities),cannot compute sensor_age or equipment age features at all; cannot do classic time-to-failure survival modeling without a proxy for 'time since install'
