n,n_positive,roc_auc,avg_precision,precision_at_recall_0.5,recall_at_precision_0.7,precision_top_0.1pct,recall_top_0.1pct,precision_top_0.5pct,recall_top_0.5pct,precision_top_1pct,recall_top_1pct,precision_top_2pct,recall_top_2pct,precision_top_5pct,recall_top_5pct,n_days,daily_precision_top_0.1pct,daily_recall_top_0.1pct,daily_precision_top_0.5pct,daily_recall_top_0.5pct,daily_precision_top_1pct,daily_recall_top_1pct,daily_precision_top_2pct,daily_recall_top_2pct,daily_precision_top_5pct,daily_recall_top_5pct,model,split,sensor_type,n_channels,n_episodes,n_candidates,elapsed_sec
559639,10601,0.8845,0.096,0.1134,,0.0769,0.0041,0.0722,0.0191,0.084,0.0443,0.1,0.1056,0.1161,0.3065,366,0.0433,0.0021,0.0451,0.0112,0.0348,0.0178,0.0311,0.0324,0.025,0.0655,logistic_regression,valid,Датчик дыма,4337,18238,5744847,276.3
1416091,17992,0.7939,0.0667,0.0616,0.0138,0.3008,0.0237,0.115,0.0452,0.0677,0.0533,0.049,0.0771,0.0535,0.2106,546,0.082,0.0058,0.0548,0.0208,0.0448,0.0346,0.0409,0.0638,0.0348,0.1365,logistic_regression,test,Датчик дыма,4337,18238,5744847,276.3
559639,10601,0.8633,0.1472,0.1473,,0.381,0.0201,0.2598,0.0686,0.245,0.1293,0.2071,0.2187,0.1627,0.4295,366,0.1909,0.0092,0.1511,0.0376,0.1298,0.0665,0.1073,0.1115,0.0854,0.2241,hist_gradient_boosting,valid,Датчик дыма,4337,18238,5744847,276.3
1416091,17992,0.8802,0.1907,0.1719,0.012,0.4633,0.0365,0.3583,0.141,0.2898,0.2281,0.2249,0.354,0.1438,0.5658,546,0.1962,0.0138,0.1353,0.0513,0.1117,0.0863,0.091,0.1418,0.0655,0.2567,hist_gradient_boosting,test,Датчик дыма,4337,18238,5744847,276.3
559639,10601,0.842,0.1325,0.1305,0.0001,0.3435,0.0181,0.1837,0.0485,0.1951,0.103,0.2113,0.2231,0.1565,0.4132,366,0.1496,0.0072,0.1242,0.0309,0.1072,0.0549,0.0928,0.0964,0.0791,0.2074,catboost,valid,Датчик дыма,4337,18238,5744847,276.3
1416091,17992,0.8715,0.2037,0.1802,0.0156,0.5332,0.042,0.3669,0.1444,0.299,0.2353,0.2308,0.3633,0.1476,0.5808,546,0.197,0.0139,0.1438,0.0545,0.1226,0.0947,0.0971,0.1515,0.07,0.2743,catboost,test,Датчик дыма,4337,18238,5744847,276.3
241600,23913,0.6679,0.1796,0.1761,,0.0,0.0,0.1159,0.0059,0.3142,0.0317,0.3073,0.0621,0.2487,0.1256,366,0.1753,0.0028,0.2531,0.011,0.2677,0.025,0.263,0.0511,0.215,0.107,logistic_regression,valid,Состояние насоса,180,26017,1877991,55.8
504113,50433,0.7177,0.3143,0.2308,0.0194,0.7937,0.0079,0.6869,0.0343,0.6604,0.066,0.6018,0.1203,0.4937,0.2467,546,0.2783,0.0034,0.3603,0.0161,0.3784,0.0358,0.3832,0.0746,0.3268,0.1616,logistic_regression,test,Состояние насоса,180,26017,1877991,55.8
241600,23913,0.6288,0.2187,0.1592,0.029,0.6722,0.0068,0.6829,0.0345,0.5861,0.0592,0.4669,0.0943,0.3184,0.1608,366,0.2397,0.0039,0.3295,0.0143,0.3183,0.0297,0.3127,0.0607,0.258,0.1284,hist_gradient_boosting,valid,Состояние насоса,180,26017,1877991,55.8
504113,50433,0.598,0.2251,0.1425,0.0061,0.6567,0.0066,0.654,0.0327,0.6306,0.063,0.5039,0.1007,0.3787,0.1893,546,0.3592,0.0044,0.4253,0.019,0.4226,0.04,0.388,0.0755,0.3278,0.1622,hist_gradient_boosting,test,Состояние насоса,180,26017,1877991,55.8
241600,23913,0.6464,0.2456,0.1792,0.0702,0.5768,0.0058,0.755,0.0381,0.6978,0.0705,0.5433,0.1098,0.3546,0.1791,366,0.2448,0.004,0.3498,0.0151,0.3577,0.0334,0.3478,0.0675,0.2847,0.1417,catboost,valid,Состояние насоса,180,26017,1877991,55.8
504113,50433,0.6308,0.2634,0.1674,0.0037,0.5278,0.0053,0.6905,0.0345,0.6761,0.0676,0.6023,0.1204,0.427,0.2134,546,0.377,0.0046,0.4551,0.0203,0.4581,0.0433,0.4255,0.0828,0.3369,0.1666,catboost,test,Состояние насоса,180,26017,1877991,55.8
179439,8395,0.759,0.112,0.1071,,0.1899,0.0041,0.097,0.0104,0.1433,0.0306,0.1377,0.0588,0.1546,0.1652,366,0.0545,0.0024,0.0619,0.0056,0.0775,0.0149,0.0914,0.037,0.093,0.0974,logistic_regression,valid,Состояние вентилятора,354,27084,2103508,67.9
430018,21997,0.8495,0.189,0.2142,,0.2628,0.0051,0.2809,0.0275,0.2198,0.043,0.2226,0.087,0.2209,0.2159,546,0.067,0.002,0.11,0.0095,0.1162,0.0213,0.1173,0.0445,0.1251,0.1208,logistic_regression,test,Состояние вентилятора,354,27084,2103508,67.9
179439,8395,0.7483,0.1246,0.099,,0.4581,0.0098,0.3155,0.0337,0.2642,0.0565,0.2174,0.0929,0.16,0.1709,366,0.158,0.0069,0.1607,0.0145,0.1538,0.0295,0.1404,0.0569,0.1345,0.1409,hist_gradient_boosting,valid,Состояние вентилятора,354,27084,2103508,67.9
430018,21997,0.7923,0.1419,0.1319,0.0003,0.1628,0.0032,0.1633,0.016,0.1765,0.0345,0.2231,0.0872,0.1932,0.1888,546,0.1386,0.004,0.1509,0.0131,0.1572,0.0288,0.1616,0.0612,0.143,0.1382,hist_gradient_boosting,test,Состояние вентилятора,354,27084,2103508,67.9
179439,8395,0.7549,0.131,0.1052,,0.5196,0.0111,0.3824,0.0409,0.2715,0.058,0.2046,0.0874,0.1572,0.168,366,0.1744,0.0076,0.17,0.0154,0.1681,0.0323,0.171,0.0693,0.1416,0.1483,catboost,valid,Состояние вентилятора,354,27084,2103508,67.9
430018,21997,0.8143,0.1615,0.1496,,0.2093,0.0041,0.2428,0.0237,0.227,0.0444,0.256,0.1001,0.2162,0.2113,546,0.1511,0.0044,0.1661,0.0144,0.1656,0.0303,0.1641,0.0622,0.1508,0.1457,catboost,test,Состояние вентилятора,354,27084,2103508,67.9
142737,47,0.9348,0.0449,0.0642,,0.0,0.0,0.0533,0.8085,0.0266,0.8085,0.0137,0.8298,0.0059,0.8936,366,0.0082,0.0638,0.0078,0.0851,0.008,0.2128,0.0071,0.4043,0.005,0.7447,logistic_regression,valid,Датчик температуры,600,83,1019853,35.9
258469,19,0.648,0.0001,0.0002,,0.0,0.0,0.0,0.0,0.0,0.0,0.0,0.0,0.0001,0.0526,546,0.0037,0.1053,0.002,0.1053,0.0009,0.1053,0.0006,0.1579,0.0003,0.2105,logistic_regression,test,Датчик температуры,600,83,1019853,35.9
142737,47,0.6711,0.1428,0.0008,,0.0986,0.2979,0.0224,0.3404,0.0112,0.3404,0.0056,0.3404,0.0024,0.3617,366,0.0082,0.0638,0.0078,0.0851,0.0072,0.1915,0.0052,0.2979,0.0024,0.3617,hist_gradient_boosting,valid,Датчик температуры,600,83,1019853,35.9
258469,19,0.5789,0.0003,0.0001,,0.0,0.0,0.0008,0.0526,0.0008,0.1053,0.0004,0.1053,0.0002,0.1053,546,0.0018,0.0526,0.001,0.0526,0.0004,0.0526,0.0002,0.0526,0.0002,0.1579,hist_gradient_boosting,test,Датчик температуры,600,83,1019853,35.9
142737,47,0.9289,0.1295,0.1529,,0.162,0.4894,0.0365,0.5532,0.0231,0.7021,0.013,0.7872,0.0055,0.8298,366,0.0082,0.0638,0.0078,0.0851,0.0064,0.1702,0.0063,0.3617,0.0045,0.6596,catboost,valid,Датчик температуры,600,83,1019853,35.9
258469,19,0.6784,0.0004,0.0001,,0.0039,0.0526,0.0008,0.0526,0.0008,0.1053,0.0004,0.1053,0.0002,0.1579,546,0.0018,0.0526,0.001,0.0526,0.0004,0.0526,0.0004,0.1053,0.0002,0.1053,catboost,test,Датчик температуры,600,83,1019853,35.9
395697,4524,0.8994,0.0735,0.0544,,0.0456,0.004,0.1491,0.0652,0.1327,0.116,0.1089,0.1905,0.0755,0.33,366,0.0269,0.0022,0.069,0.0274,0.0739,0.0617,0.0818,0.1399,0.0678,0.2938,logistic_regression,valid,Состояние фазы,957,12789,4784427,132.9
872142,8313,0.9262,0.0788,0.0817,,0.0057,0.0006,0.0755,0.0396,0.1053,0.1104,0.1132,0.2375,0.0873,0.458,546,0.0446,0.0043,0.0806,0.0397,0.0792,0.0807,0.0828,0.1711,0.0702,0.3658,logistic_regression,test,Состояние фазы,957,12789,4784427,132.9
395697,4524,0.8784,0.0665,0.0549,,0.1722,0.015,0.1249,0.0546,0.1143,0.0999,0.1006,0.176,0.0699,0.3055,366,0.078,0.0064,0.0901,0.0358,0.0835,0.0696,0.0658,0.1125,0.0542,0.2352,hist_gradient_boosting,valid,Состояние фазы,957,12789,4784427,132.9
872142,8313,0.8844,0.0554,0.0512,,0.1089,0.0114,0.1023,0.0537,0.0862,0.0905,0.0692,0.1452,0.0594,0.3117,546,0.1029,0.01,0.0862,0.0425,0.0792,0.0807,0.0707,0.146,0.0536,0.2796,hist_gradient_boosting,test,Состояние фазы,957,12789,4784427,132.9
395697,4524,0.8929,0.0672,0.0617,,0.0405,0.0035,0.1107,0.0484,0.0907,0.0794,0.0939,0.1642,0.0763,0.3338,366,0.1048,0.0086,0.1018,0.0405,0.0893,0.0745,0.0774,0.1324,0.0621,0.269,catboost,valid,Состояние фазы,957,12789,4784427,132.9
872142,8313,0.9078,0.0704,0.0605,,0.1491,0.0156,0.1326,0.0695,0.1104,0.1158,0.0911,0.1911,0.07,0.3674,546,0.1351,0.0131,0.1046,0.0515,0.0891,0.0908,0.0812,0.1677,0.0631,0.3291,catboost,test,Состояние фазы,957,12789,4784427,132.9
