тип_датчика,n_events,n_numeric,n_distinct_values
Газовый датчик,224012118,223065444.0,1425
Датчик движения,51473736,5.0,15
Состояние УИР-Р,5684500,0.0,12
КД Дверь,4986555,5.0,16
Датчик дыма,3961622,0.0,11
Состояние фазы,3805421,4.0,13
Переключатель,3118061,0.0,5
Состояние вентилятора,1987797,0.0,7
Состояние насоса,1976744,0.0,9
Датчик температуры,1409472,1064234.0,260
КД АВ,620739,1.0,11
Тепловой датчик,501064,0.0,6
Состояние охраны,315661,0.0,45574
ИБП,125930,4721.0,57
Ручной извещатель,46070,0.0,10
КД Люк,36059,0.0,7
Стекло,31687,0.0,5
Датчик затопления,12424,0.0,7
9-секционный люк,502,0.0,5
