name,group,source,url,license,real_or_synthetic,volume,sensor_types,target_ground_truth,prediction_horizon,applicability_to_moskollektor,worth_downloading,downloaded,download_path
NASA C-MAPSS Turbofan Degradation,sensor_fault_degradation,NASA PCoE / PHM Society mirror,https://www.nasa.gov/intelligent-systems-division/discovery-and-systems-health/pcoe/pcoe-data-set-repository/,public domain (NASA),synthetic (physics simulation),"FD001-FD004, up to 61000 rows, 21 sensors + 3 settings",multivariate continuous sensors on aero-engine simulation,Remaining Useful Life (RUL) per unit,run-to-failure (variable cycles),low - different physical domain but standard RUL pipeline reference,yes,yes,external_datasets/nasa_cmapss/
MetroPT-3 Air Production Unit,pumps_fans_rotating,UCI ML Repository / Nature Scientific Data,https://archive.ics.uci.edu/dataset/791/metropt+3+dataset,open (UCI),real,"1516949 rows, 1Hz, 15 sensors (7 analog+8 digital)",pressure/temperature/motor current/valves of metro train air compressor,known compressor failure dates from maintenance logs,continuous stream - no fixed horizon in source,medium - best available real analog for pump/compressor with verified failure dates,yes,yes,external_datasets/metropt3/
UCI Condition Monitoring of Hydraulic Systems,pumps_fans_rotating,UCI ML Repository,https://archive.ics.uci.edu/dataset/447/condition+monitoring+of+hydraulic+systems,CC BY 4.0,real (test rig),"2205 cycles x 60s, 17 sensor channels (PS1-6 100Hz, EPS1 100Hz, FS1-2 10Hz, TS1-4 1Hz, VS1, CE, CP, SE)",pressure/flow/temperature/vibration/power on hydraulic test rig,"condition labels per cycle: cooler pct, valve pct, pump leakage level, accumulator pressure, stable flag",per-cycle (60s) classification,medium - closest real multi-sensor condition-labeled dataset for rotating/hydraulic equipment (pumps),yes,yes,external_datasets/uci_hydraulic_systems/
SCANIA Component X Dataset,pumps_fans_rotating,Research Data Sweden / Scientific Data 2025,https://researchdata.se/en/catalogue/dataset/2024-34,CC BY 4.0,real,33000+ trucks; operational readouts (histograms+counters) + repair records + specifications; train_tte.csv=23551 vehicles,fleet vehicle component histograms/counters (anonymized Component X),time-to-event (train_tte.csv: length_of_study_time_step + in_study_repair censoring flag) plus binary labels for test/valid,survival / time-to-event (no fixed horizon),high methodological value - only found dataset with a working real time-to-event and censoring label structure,partial (small files only; large sensor readouts ~1.5GB skipped),yes (small files),external_datasets/scania_component_x/
Multisource Urban Water Distribution Network dataset,municipal_infrastructure_scada,Scientific Data 2026 / Zenodo,https://doi.org/10.5281/zenodo.15096167,CC BY 4.0,real,"8737 hourly rows, 1 year, 18 anomaly-score variables",SCADA flow/pressure-derived anomaly scores + pumping station energy + groundwater/surface temperature,fault_d7: binary leak proximity label (+-7 days around confirmed leak event from PTIS maintenance system),plusminus 7 days around leak event,high - closest domain match found: real municipal utility network with verified leak ground truth and SCADA+environmental features,yes,yes,external_datasets/water_distribution_leak/
NIST Smoke Alarm Performance Data (TN 1947),smoke_fire_alarm,NIST,https://www.nist.gov/el/fire-research-division-73300/engineered-fire-safety-73303/data-smoke-alarm-performance,public domain (US government),real (controlled lab fire experiments),457 smoke-box experiment files + 90 room experiment files; TSV; 1s resolution,optical transmittance/obscuration; ionization MIC current; CO; temperature; RH; thermocouples,binary Alarm? column recorded during real fire/nuisance experiments,event-based (alarm activation time within experiment),medium - real lab-confirmed physical alarm-response ground truth; useful for validating what a genuine confirmed smoke event looks like vs our literal-only Неисправен signal,yes,yes,external_datasets/nist_smoke_alarm/
DLR Turbofan Sensor-FDI-Bench 2026,sensor_fault_degradation,PHM Society European Conference / DLR,https://papers.phmsociety.org/index.php/phme/article/view/4966,not verified (conference paper - access terms not confirmed),synthetic (physics-based turbofan model),cruise-point snapshots across progressive complexity subsets,extended aero-engine sensor package with injected step/drift faults + degradation,clean reference vs faulty sensor pairs (supervised denoising labels),steady-state snapshot (no explicit horizon),low - sensor FDI methodology reference only (step/drift/stochastic fault taxonomy applicable conceptually to our stuck-at/-127 sentinel findings),no (access/size not confirmed),no,
Wind Turbine SCADA CARE-to-Compare,pumps_fans_rotating,Fraunhofer IEE / Zenodo,https://doi.org/10.5281/zenodo.14006163,CC BY-SA 4.0,real,"89 turbine-years, 36 turbines, 3 farms, 10-min SCADA resolution, up to 957 features, total zip 5.48 GB","wind turbine SCADA (temperature/power/vibration-derived/electrical, farm-dependent feature sets)",44 of 95 datasets contain labeled anomaly/fault events; rest normal,4-98 days prediction window after 1 year training,"low-medium - large scale real SCADA precedent for early-fault-detection product framing, but wrong domain and too large for the incremental value",no (5.5GB for low direct relevance),no,
Sewer-ML,municipal_infrastructure_scada,three Danish water utilities / CVPR 2021,https://arxiv.org/abs/2103.10895,research access request required,real,1.3M CCTV images over 9 years,video/image defect annotations (not tabular sensors),multi-label defect classification per image,not applicable (visual inspection snapshots),low - different modality (computer vision vs tabular sensor stream),no,no,
PHM Society Data Repository (aggregate),sensor_fault_degradation,PHM Society / IEEE Reliability Society,https://data.phmsociety.org/phm-society-data-repository/,varies per challenge (mostly research use),mixed,"9+ separate challenge datasets 2018-2025 (gearboxes, ion mill etching, fatigue cracks, PCBs, rock drills, spacecraft propulsion)",varies by challenge,"varies (RUL, fault classification)",varies,"low-medium - baseline methodology reference pool, not a single applicable dataset","no (aggregate index, not a single dataset)",no,
Kaggle Pump Sensor Data (nphantawee),pumps_fans_rotating,Kaggle,https://www.kaggle.com/datasets/nphantawee/pump-sensor-data,Kaggle dataset license,real,"~220000 minute-level rows, 53 sensors, single pump, 153 days",industrial water pump multivariate sensors,BROKEN/RECOVERING/NORMAL status labels with known failure dates,continuous - failure dates known,"medium - good real single-pump reference with genuine failure labels, but requires Kaggle API auth",requires Kaggle credentials (not available in this session),no,see instructions in EXTERNAL_DATASETS.md
SCADA Alarm and Event Management (GoMask.ai),municipal_infrastructure_scada,GoMask.ai marketplace,https://gomask.ai/marketplace/datasets/scada-alarm-and-event-management,commercial/unverified,synthetic,not specified,SCADA alarm logs with priority/operator response,operator response / flood detection labels,not specified,"low - synthetic marketplace data, license/access unverified",no (unverified commercial terms),no,
Open-Meteo Historical Weather API,municipal_infrastructure_scada,Open-Meteo (ERA5 reanalysis),https://open-meteo.com/en/docs/historical-weather-api,free (no key; <=10000 req/day non-commercial),real (ERA5 reanalysis),global hourly coverage from 1940,temperature/precipitation/humidity/pressure/wind/cloud cover,not a fault dataset - external feature source,"n/a (feature enrichment, not a target)",high applicability as external feature source for our own events (see ML_EXPERIMENTS.md weather ablation),"n/a (API, integrated directly not downloaded as file)",integrated in pipeline,pipeline/weather.py cache
