n,n_positive,roc_auc,avg_precision,precision_at_recall_0.5,recall_at_precision_0.7,precision_top_0.1pct,recall_top_0.1pct,precision_top_0.5pct,recall_top_0.5pct,precision_top_1pct,recall_top_1pct,precision_top_2pct,recall_top_2pct,precision_top_5pct,recall_top_5pct,n_days,daily_precision_top_0.1pct,daily_recall_top_0.1pct,daily_precision_top_0.5pct,daily_recall_top_0.5pct,daily_precision_top_1pct,daily_recall_top_1pct,daily_precision_top_2pct,daily_recall_top_2pct,daily_precision_top_5pct,daily_recall_top_5pct,model,split,sensor_type,horizon_hours
241600,23913,0.6679,0.1796,0.1761,,0.0,0.0,0.1159,0.0059,0.3142,0.0317,0.3073,0.0621,0.2487,0.1256,366,0.1753,0.0028,0.2531,0.011,0.2677,0.025,0.263,0.0511,0.215,0.107,logistic_regression,valid,Состояние насоса,24
504113,50433,0.7177,0.3143,0.2308,0.0194,0.7937,0.0079,0.6869,0.0343,0.6604,0.066,0.6018,0.1203,0.4937,0.2467,546,0.2783,0.0034,0.3603,0.0161,0.3784,0.0358,0.3832,0.0746,0.3268,0.1616,logistic_regression,test,Состояние насоса,24
241600,23913,0.6288,0.2187,0.1592,0.029,0.6722,0.0068,0.6829,0.0345,0.5861,0.0592,0.4669,0.0943,0.3184,0.1608,366,0.2397,0.0039,0.3295,0.0143,0.3183,0.0297,0.3127,0.0607,0.258,0.1284,hist_gradient_boosting,valid,Состояние насоса,24
504113,50433,0.598,0.2251,0.1425,0.0061,0.6567,0.0066,0.654,0.0327,0.6306,0.063,0.5039,0.1007,0.3787,0.1893,546,0.3592,0.0044,0.4253,0.019,0.4226,0.04,0.388,0.0755,0.3278,0.1622,hist_gradient_boosting,test,Состояние насоса,24
241600,23913,0.6464,0.2456,0.1792,0.0702,0.5768,0.0058,0.755,0.0381,0.6978,0.0705,0.5433,0.1098,0.3546,0.1791,366,0.2448,0.004,0.3498,0.0151,0.3577,0.0334,0.3478,0.0675,0.2847,0.1417,catboost,valid,Состояние насоса,24
504113,50433,0.6308,0.2634,0.1674,0.0037,0.5278,0.0053,0.6905,0.0345,0.6761,0.0676,0.6023,0.1204,0.427,0.2134,546,0.377,0.0046,0.4551,0.0203,0.4581,0.0433,0.4255,0.0828,0.3369,0.1666,catboost,test,Состояние насоса,24
241600,43121,0.6631,0.3636,0.2874,0.1267,1.0,0.0056,1.0,0.028,0.947,0.0531,0.8299,0.093,0.5182,0.1452,366,0.3557,0.0032,0.4618,0.0111,0.4628,0.024,0.4456,0.048,0.3817,0.1054,logistic_regression,valid,Состояние насоса,48
504113,86680,0.7026,0.3995,0.3338,0.1211,0.8274,0.0048,0.8274,0.0241,0.825,0.048,0.7513,0.0874,0.6296,0.1831,546,0.5113,0.0036,0.6254,0.0162,0.6128,0.0337,0.5894,0.0667,0.4991,0.1436,logistic_regression,test,Состояние насоса,48
241600,43121,0.6063,0.3223,0.2594,0.0626,0.9834,0.0055,0.9338,0.0262,0.827,0.0463,0.6465,0.0724,0.474,0.1328,366,0.4046,0.0036,0.5014,0.012,0.487,0.0252,0.4613,0.0497,0.3989,0.1101,hist_gradient_boosting,valid,Состояние насоса,48
504113,86680,0.6068,0.3421,0.2482,0.0919,0.8512,0.0049,0.8151,0.0237,0.8098,0.0471,0.7192,0.0837,0.5655,0.1644,546,0.5178,0.0037,0.6192,0.0161,0.5981,0.0329,0.5613,0.0635,0.4758,0.1369,hist_gradient_boosting,test,Состояние насоса,48
241600,43121,0.6606,0.3745,0.3067,0.0778,0.9917,0.0055,0.9512,0.0266,0.8547,0.0479,0.6981,0.0782,0.5666,0.1587,366,0.4124,0.0037,0.5053,0.0121,0.5009,0.026,0.4809,0.0518,0.4073,0.1124,catboost,valid,Состояние насоса,48
504113,86680,0.6265,0.3628,0.2689,0.1154,0.9623,0.0056,0.8806,0.0256,0.8546,0.0497,0.777,0.0904,0.5978,0.1738,546,0.5599,0.004,0.6481,0.0168,0.6243,0.0344,0.5901,0.0668,0.4938,0.1421,catboost,test,Состояние насоса,48
241600,57005,0.6391,0.3995,0.3421,0.0937,1.0,0.0042,0.9876,0.0209,0.9756,0.0413,0.8367,0.0709,0.5478,0.1161,366,0.4562,0.0031,0.542,0.0098,0.5304,0.0208,0.5096,0.0415,0.4536,0.0947,logistic_regression,valid,Состояние насоса,72
504113,113413,0.6778,0.4482,0.3659,0.195,0.8214,0.0037,0.8992,0.02,0.9032,0.0401,0.8257,0.0734,0.7373,0.1639,546,0.6311,0.0034,0.7295,0.0145,0.713,0.03,0.6834,0.0591,0.5949,0.1308,logistic_regression,test,Состояние насоса,72
241600,57005,0.6233,0.4157,0.3431,0.0914,1.0,0.0042,0.9801,0.0208,0.9541,0.0404,0.8067,0.0684,0.6214,0.1317,366,0.5077,0.0035,0.5816,0.0106,0.5698,0.0223,0.546,0.0445,0.4788,0.1,hist_gradient_boosting,valid,Состояние насоса,72
504113,113413,0.6136,0.4124,0.3154,0.1482,0.9821,0.0044,0.9452,0.021,0.9252,0.0411,0.8579,0.0763,0.687,0.1527,546,0.6359,0.0035,0.7131,0.0141,0.6922,0.0291,0.6564,0.0568,0.5596,0.1231,hist_gradient_boosting,test,Состояние насоса,72
241600,57005,0.6443,0.429,0.3569,0.0958,1.0,0.0042,0.9843,0.0209,0.9404,0.0399,0.7721,0.0655,0.6632,0.1405,366,0.5155,0.0035,0.6029,0.0109,0.5922,0.0232,0.5654,0.046,0.495,0.1033,catboost,valid,Состояние насоса,72
504113,113413,0.6137,0.415,0.3171,0.1427,0.6885,0.0031,0.8802,0.0196,0.9135,0.0406,0.8624,0.0767,0.6841,0.152,546,0.6489,0.0035,0.7335,0.0145,0.7166,0.0301,0.6776,0.0586,0.5752,0.1265,catboost,test,Состояние насоса,72
179439,8395,0.759,0.112,0.1071,,0.1899,0.0041,0.097,0.0104,0.1433,0.0306,0.1377,0.0588,0.1546,0.1652,366,0.0545,0.0024,0.0619,0.0056,0.0775,0.0149,0.0914,0.037,0.093,0.0974,logistic_regression,valid,Состояние вентилятора,24
430018,21997,0.8495,0.189,0.2142,,0.2628,0.0051,0.2809,0.0275,0.2198,0.043,0.2226,0.087,0.2209,0.2159,546,0.067,0.002,0.11,0.0095,0.1162,0.0213,0.1173,0.0445,0.1251,0.1208,logistic_regression,test,Состояние вентилятора,24
179439,8395,0.7483,0.1246,0.099,,0.4581,0.0098,0.3155,0.0337,0.2642,0.0565,0.2174,0.0929,0.16,0.1709,366,0.158,0.0069,0.1607,0.0145,0.1538,0.0295,0.1404,0.0569,0.1345,0.1409,hist_gradient_boosting,valid,Состояние вентилятора,24
430018,21997,0.7923,0.1419,0.1319,0.0003,0.1628,0.0032,0.1633,0.016,0.1765,0.0345,0.2231,0.0872,0.1932,0.1888,546,0.1386,0.004,0.1509,0.0131,0.1572,0.0288,0.1616,0.0612,0.143,0.1382,hist_gradient_boosting,test,Состояние вентилятора,24
179439,8395,0.7549,0.131,0.1052,,0.5196,0.0111,0.3824,0.0409,0.2715,0.058,0.2046,0.0874,0.1572,0.168,366,0.1744,0.0076,0.17,0.0154,0.1681,0.0323,0.171,0.0693,0.1416,0.1483,catboost,valid,Состояние вентилятора,24
430018,21997,0.8143,0.1615,0.1496,,0.2093,0.0041,0.2428,0.0237,0.227,0.0444,0.256,0.1001,0.2162,0.2113,546,0.1511,0.0044,0.1661,0.0144,0.1656,0.0303,0.1641,0.0622,0.1508,0.1457,catboost,test,Состояние вентилятора,24
179439,15526,0.7716,0.2308,0.2039,,0.2793,0.0032,0.1973,0.0114,0.3094,0.0357,0.3913,0.0904,0.3376,0.1951,366,0.1471,0.0035,0.1884,0.0092,0.2395,0.0249,0.2638,0.0578,0.2456,0.1391,logistic_regression,valid,Состояние вентилятора,48
430018,37574,0.8577,0.3179,0.3517,,0.3395,0.0039,0.3865,0.0221,0.3449,0.0395,0.3865,0.0885,0.41,0.2346,546,0.2087,0.0036,0.2808,0.0143,0.2905,0.0311,0.2729,0.0605,0.2579,0.1458,logistic_regression,test,Состояние вентилятора,48
179439,15526,0.7587,0.2102,0.1862,0.0021,0.4358,0.005,0.4972,0.0287,0.3913,0.0452,0.3233,0.0747,0.2667,0.1541,366,0.2888,0.0068,0.3004,0.0147,0.294,0.0305,0.2785,0.0611,0.2481,0.1405,hist_gradient_boosting,valid,Состояние вентилятора,48
430018,37574,0.8286,0.2493,0.2554,,0.0023,0.0,0.207,0.0118,0.2867,0.0328,0.323,0.0739,0.3092,0.1769,546,0.2804,0.0048,0.329,0.0167,0.3015,0.0323,0.2781,0.0617,0.2529,0.143,hist_gradient_boosting,test,Состояние вентилятора,48
179439,15526,0.7737,0.2216,0.2037,,0.2961,0.0034,0.4047,0.0234,0.3902,0.0451,0.3668,0.0848,0.2864,0.1655,366,0.3052,0.0072,0.3096,0.0151,0.304,0.0316,0.2894,0.0634,0.2574,0.1458,catboost,valid,Состояние вентилятора,48
430018,37574,0.8367,0.2961,0.2733,0.0253,0.6581,0.0075,0.5963,0.0341,0.5109,0.0585,0.4244,0.0971,0.3565,0.204,546,0.296,0.0051,0.2991,0.0152,0.2833,0.0304,0.2657,0.059,0.2527,0.1429,catboost,test,Состояние вентилятора,48
179439,21060,0.7745,0.3083,0.2588,0.0032,0.4302,0.0037,0.3266,0.0139,0.4849,0.0413,0.5323,0.0907,0.4645,0.1979,366,0.2752,0.0048,0.3294,0.0119,0.3902,0.0299,0.4022,0.065,0.3545,0.1481,logistic_regression,valid,Состояние вентилятора,72
430018,49479,0.8674,0.4269,0.4527,0.0016,0.4744,0.0041,0.5712,0.0248,0.5607,0.0487,0.5795,0.1007,0.5633,0.2448,546,0.3193,0.0041,0.3971,0.0153,0.4092,0.0333,0.403,0.0679,0.3744,0.1608,logistic_regression,test,Состояние вентилятора,72
179439,21060,0.7572,0.2692,0.2343,0.0009,0.4749,0.004,0.5273,0.0225,0.481,0.041,0.4423,0.0754,0.3595,0.1531,366,0.346,0.006,0.3768,0.0136,0.3865,0.0296,0.379,0.0613,0.3228,0.1348,hist_gradient_boosting,valid,Состояние вентилятора,72
430018,49479,0.8399,0.3403,0.3431,0.0079,0.7628,0.0066,0.4098,0.0178,0.3702,0.0322,0.3941,0.0685,0.4206,0.1828,546,0.3458,0.0045,0.3714,0.0143,0.3675,0.0299,0.3571,0.0602,0.3343,0.1436,hist_gradient_boosting,test,Состояние вентилятора,72
179439,21060,0.7725,0.3021,0.2605,0.0003,0.4246,0.0036,0.5697,0.0243,0.5351,0.0456,0.5072,0.0864,0.428,0.1823,366,0.3924,0.0068,0.4071,0.0147,0.4243,0.0325,0.418,0.0676,0.3638,0.1519,catboost,valid,Состояние вентилятора,72
430018,49479,0.8515,0.3868,0.378,0.0184,0.714,0.0062,0.6428,0.0279,0.5807,0.0505,0.5669,0.0985,0.4691,0.2038,546,0.3754,0.0049,0.3986,0.0154,0.3807,0.031,0.3778,0.0636,0.3497,0.1502,catboost,test,Состояние вентилятора,72
559639,10601,0.8845,0.096,0.1134,,0.0769,0.0041,0.0722,0.0191,0.084,0.0443,0.1,0.1056,0.1161,0.3065,366,0.0433,0.0021,0.0451,0.0112,0.0348,0.0178,0.0311,0.0324,0.025,0.0655,logistic_regression,valid,Датчик дыма,24
1416091,17992,0.7939,0.0667,0.0616,0.0138,0.3008,0.0237,0.115,0.0452,0.0677,0.0533,0.049,0.0771,0.0535,0.2106,546,0.082,0.0058,0.0548,0.0208,0.0448,0.0346,0.0409,0.0638,0.0348,0.1365,logistic_regression,test,Датчик дыма,24
559639,10601,0.8633,0.1472,0.1473,,0.381,0.0201,0.2598,0.0686,0.245,0.1293,0.2071,0.2187,0.1627,0.4295,366,0.1909,0.0092,0.1511,0.0376,0.1298,0.0665,0.1073,0.1115,0.0854,0.2241,hist_gradient_boosting,valid,Датчик дыма,24
1416091,17992,0.8802,0.1907,0.1719,0.012,0.4633,0.0365,0.3583,0.141,0.2898,0.2281,0.2249,0.354,0.1438,0.5658,546,0.1962,0.0138,0.1353,0.0513,0.1117,0.0863,0.091,0.1418,0.0655,0.2567,hist_gradient_boosting,test,Датчик дыма,24
559639,10601,0.842,0.1325,0.1305,0.0001,0.3435,0.0181,0.1837,0.0485,0.1951,0.103,0.2113,0.2231,0.1565,0.4132,366,0.1496,0.0072,0.1242,0.0309,0.1072,0.0549,0.0928,0.0964,0.0791,0.2074,catboost,valid,Датчик дыма,24
1416091,17992,0.8715,0.2037,0.1802,0.0156,0.5332,0.042,0.3669,0.1444,0.299,0.2353,0.2308,0.3633,0.1476,0.5808,546,0.197,0.0139,0.1438,0.0545,0.1226,0.0947,0.0971,0.1515,0.07,0.2743,catboost,test,Датчик дыма,24
559639,11887,0.8739,0.1385,0.1313,,0.1395,0.0066,0.2966,0.0698,0.2496,0.1175,0.1773,0.1669,0.1491,0.3509,366,0.065,0.0028,0.0489,0.0109,0.0354,0.0162,0.0304,0.0282,0.0304,0.071,logistic_regression,valid,Датчик дыма,48
1416091,30285,0.5946,0.0466,0.0451,,0.2422,0.0113,0.1006,0.0235,0.0655,0.0306,0.0579,0.0542,0.0553,0.1294,546,0.0977,0.0041,0.0686,0.0155,0.0573,0.0263,0.0521,0.0483,0.0456,0.1063,logistic_regression,test,Датчик дыма,48
559639,11887,0.8554,0.1462,0.1324,0.0004,0.3846,0.0181,0.2362,0.0556,0.2371,0.1116,0.224,0.2109,0.1717,0.4041,366,0.2047,0.0087,0.1515,0.0337,0.1201,0.0548,0.0975,0.0904,0.081,0.1895,hist_gradient_boosting,valid,Датчик дыма,48
1416091,30285,0.6532,0.1128,0.0741,,0.3934,0.0184,0.2795,0.0653,0.2516,0.1176,0.2095,0.1959,0.1482,0.3464,546,0.2057,0.0086,0.1514,0.0341,0.1326,0.0609,0.1081,0.1001,0.0783,0.1823,hist_gradient_boosting,test,Датчик дыма,48
559639,11887,0.8688,0.132,0.1292,0.0002,0.3649,0.0172,0.2048,0.0482,0.2014,0.0948,0.1866,0.1757,0.1434,0.3375,366,0.1772,0.0076,0.1436,0.0319,0.1182,0.054,0.0989,0.0917,0.076,0.1778,catboost,valid,Датчик дыма,48
1416091,30285,0.6626,0.1431,0.0707,0.0102,0.5042,0.0236,0.377,0.0881,0.3139,0.1468,0.2375,0.2221,0.1533,0.3585,546,0.2317,0.0097,0.175,0.0394,0.143,0.0656,0.1107,0.1026,0.076,0.177,catboost,test,Датчик дыма,48
559639,13249,0.8441,0.1247,0.1155,,0.136,0.0057,0.2999,0.0633,0.205,0.0866,0.1735,0.1466,0.1437,0.3035,366,0.063,0.0024,0.0553,0.011,0.0427,0.0175,0.0342,0.0285,0.0343,0.0719,logistic_regression,valid,Датчик дыма,72
1416091,40409,0.5285,0.0527,0.0427,0.0052,0.2613,0.0092,0.1446,0.0253,0.1054,0.0369,0.0768,0.0538,0.0627,0.1099,546,0.0512,0.0016,0.066,0.0111,0.0631,0.0217,0.0591,0.0411,0.0564,0.0985,logistic_regression,test,Датчик дыма,72
559639,13249,0.8515,0.1525,0.147,0.0013,0.3936,0.0166,0.2859,0.0604,0.2493,0.1053,0.216,0.1825,0.17,0.359,366,0.1929,0.0074,0.1549,0.0309,0.1261,0.0517,0.1071,0.0891,0.089,0.1868,hist_gradient_boosting,valid,Датчик дыма,72
1416091,40409,0.5807,0.1149,0.0573,0.0,0.4449,0.0156,0.376,0.0659,0.3023,0.1059,0.2374,0.1664,0.1543,0.2704,546,0.2364,0.0074,0.1743,0.0294,0.1524,0.0524,0.1221,0.0848,0.0875,0.1528,hist_gradient_boosting,test,Датчик дыма,72
559639,13249,0.8428,0.1385,0.1322,0.001,0.3649,0.0154,0.2405,0.0508,0.2066,0.0873,0.2118,0.1789,0.1611,0.3402,366,0.1988,0.0076,0.1534,0.0306,0.1248,0.0512,0.1003,0.0834,0.0787,0.1651,catboost,valid,Датчик дыма,72
1416091,40409,0.6401,0.135,0.0702,0.0033,0.5092,0.0178,0.4052,0.071,0.3188,0.1117,0.2554,0.179,0.1682,0.2948,546,0.2632,0.0083,0.1967,0.0332,0.1629,0.056,0.1331,0.0924,0.0953,0.1664,catboost,test,Датчик дыма,72
