hour,n_events,n_alarms
0,10151004,66631.0
1,10124742,70283.0
2,10059823,69420.0
3,10031132,74151.0
4,10042225,71217.0
5,10084571,68936.0
6,10216605,70912.0
7,13462599,69436.0
8,18655859,95330.0
9,18791501,170702.0
10,18048151,230101.0
11,17118881,217732.0
12,16419578,169214.0
13,16491952,153694.0
14,16055317,142377.0
15,15509159,123247.0
16,14453495,101347.0
17,12447140,82050.0
18,11882080,76959.0
19,12252456,69847.0
20,10521020,69203.0
21,10247617,69105.0
22,10268700,68707.0
23,10210409,67211.0
