тип_инж_системы,тип_датчика,n_events,n_channels
Пожарная охрана,Датчик дыма,1169182,2844
Диспетчерский контроль,Состояние насоса,108872,180
Диспетчерский контроль,Состояние вентилятора,78692,235
Газовая охрана,Газовый датчик,49031,401
Температурная подсистема,Датчик температуры,40388,43
Диспетчерский контроль,Состояние фазы,25466,294
Пожарная охрана,Ручной извещатель,10660,99
Диагностическая подсистема,ИБП,2009,56
Охранная подсистема,Датчик движения,1816,133
Охранная подсистема,КД АВ,916,99
Охранная подсистема,КД Дверь,360,81
Охранная подсистема,КД Люк,120,8
Пожарная охрана,Состояние УИР-Р,97,57
Пожарная охрана,Тепловой датчик,22,7
Охранная подсистема,9-секционный люк,14,9
Диспетчерский контроль,Датчик затопления,8,1
