тип_датчика,metric,value,note
Газовый датчик,n_numeric_readings,223065444,после try_cast к DOUBLE
Газовый датчик,min,-10.23,физически невозможное отрицательное значение концентрации газа - калибровочный/шумовой артефакт около нуля
Газовый датчик,max,327.68,"экстремальный выброс; 327.68 = 32768/100, похоже на переполнение 16-битного знакового счётчика (2^15=32768), делённого на 100"
Газовый датчик,p01,0.0,-
Газовый датчик,p25,0.0,-
Газовый датчик,p75,0.01,-
Газовый датчик,p99,0.2,-
Газовый датчик,p999,0.68,-
Газовый датчик,n_negative,1680713,0.75% всех числовых показаний - физически невозможные отрицательные концентрации, преимущественно шум около нуля (см. min=-10.23 - не единичный сбой, а систематическая погрешность датчика/АЦП)
Газовый датчик,n_above_100,5,экстремальные единичные выбросы (>100 при p999=0.68)
Датчик температуры,n_numeric_readings,1064234,после try_cast к DOUBLE
Датчик температуры,min,-3276.0,редкий выброс (литерал "-3276", 16 повторов) - вероятно другой класс сбоя АЦП, НЕ основной sentinel (см. ниже)
Датчик температуры,ПОДТВЕРЖДЁННЫЙ ОСНОВНОЙ SENTINEL,-127,"8138 повторов - классический код ошибки цифровых термодатчиков (напр. DS18B20-подобные one-wire IC репортуют -127°C при обрыве/неисправности линии связи). Это ГЛАВНЫЙ мусорный литерал в этом поле, на порядок чаще любого другого выброса"
Датчик температуры,вторичный кластер выбросов,"-3260..-3276 (70+16+14+13+12+7+3+2+1 = 138 повторов)",похоже на отдельный, более редкий тип сбоя (возможно другая модель датчика/прошивка) - требует пометки как invalid при очистке
Датчик температуры,max,999.0,"999 встречается только 3 раза - НЕ основной sentinel для верхнего хвоста, в отличие от предположения; верхний хвост состоит из рассеянных значений 81-128"
Датчик температуры,верхний хвост (>80°C),"рассеянные значения 81-128, самые частые: 128(196), 120(86), 121(85), 117(82), 125(81)",смесь: часть - реальные показания на теплотрассах/у нагревательных элементов (правдоподобно до ~90-100°C), часть - вероятный мусор/иная кодировка (значения >120 физически маловероятны для описанных типов датчиков)
Датчик температуры,p01,-41.0,правдоподобная нижняя граница для наружной температуры Москвы (без учёта -127 sentinel)
Датчик температуры,p75,22.0,правдоподобно
Датчик температуры,p99,33.0,правдоподобно
Датчик температуры,n_below_minus40,10755,1.01% показаний ниже -40°C - ДОМИНИРУЕТ sentinel -127 (8138 из 10755 = 75.7% этого хвоста - подтверждено отдельным запросом)
Датчик температуры,n_above_80,2927,0.27% показаний выше +80°C - смешанный мусор/легитимные показания у теплотрасс, требует ручной калибровки порога отсечения (рекомендация: считать invalid всё вне [-45, +85], кроме случаев когда тип_инж_системы явно указывает на теплотрассу)
РЕКОМЕНДАЦИЯ ПО ОЧИСТКЕ,-,-,"Перед использованием численных признаков: (1) для газовых датчиков клиппинг в [0, ~1] с флагом is_outlier для v<0 или v>p999*5; (2) для температурных датчиков - явная замена значения -127 (и кластера -3250..-3280) на NaN/missing с отдельным бинарным признаком sensor_error_code, а не наивный клиппинг диапазона"
