field_or_feature,classification,reason
значение_датчика = 'Неисправен' at time t (the label itself),LEAKAGE if used as a feature at/after t; SAFE as the target,this is literally the event being predicted - must never appear in the feature window (t-k, t]; features must be built strictly from events with timestamp <= prediction_time
значение_датчика = 'Много неисправных устройств' / 'Устройства на объекте исправны' (aggregate diagnostic-channel broadcast states),CONDITIONAL,these are emitted by a small set of 'Диагностическая подсистема' channels that may summarize OTHER channels' health at/after the same instant - safe only if strictly time-bounded to <= prediction_time and if channel scope is verified not to encode information about the specific target channel's near-future state
тревожное = 't' (alarm flag) at time t,CONDITIONAL,safe as a historical feature (rate of past alarms) computed only from events with timestamp <= prediction_time; LEAKAGE if computed using any window that includes t or later
rolling counts / rates (alarms_24h, false_alarms_7d, event_rate_delta etc.),SAFE,as long as window end = prediction_time and window is strictly historical (t-k, t]
time_since_last_event / time_since_last_repair-like features,SAFE,purely backward-looking by construction
channel dictionary fields (тип_инж_системы, тип_датчика, тег_инженерной_системы, название_датчика),SAFE,static metadata not tied to future outcome; confirmed by relation_analysis.py that channel dict does not change per year (single snapshot file)
2025 embedded header artifact treated as a data row,LEAKAGE / CORRUPTION if not filtered,must be dropped before any temporal split - it is not a real event and pollutes date parsing
duplicate ид_события within 2021-2023,CONDITIONAL,if duplicates are simple re-transmissions (same channel/time/value), collapsing them is safe cleanup; if used naively they inflate frequency features and could leak model confidence upward without representing real information
'Неисправен' events used for feature engineering of a DIFFERENT downstream target (e.g. using channel's 2021 storm history as a feature for a 2022 prediction),SAFE if channel-level history strictly precedes prediction_time,but the 2021 storm is a regime shift - a model trained naively across the boundary risks distribution shift rather than classic leakage; document as validation risk, not leakage per se
silence/'channel went quiet' feature (time_since_last_event growing very large),SAFE as feature,but if used to define the TARGET (silence = failure) then the label and a trivial feature (time_since_last_event) become nearly tautological - avoid using time_since_last_event as the sole feature when target = silence-based failure proxy, would trivially inflate precision/recall without real predictive value
no result-of-verification / result-of-dispatch field exists in this dataset,N/A,PDF describes 'результат проверки' (verified true/false alarm outcome) and 'дата закрытия заявки' as available fields; THESE DO NOT EXIST in the provided CSVs, so no leakage risk from them can even be evaluated - see 08_leakage_and_validation.md and 15_pdf_vs_reality table in 00_executive_summary.md
