значение_датчика,n
Движения нет,28353973
Обнаружено движение,28353871
Норма,11914514
Неопределен,7503339
Не замкнут,2783109
Выключен,2319843
Включен,2101510
Неисправен,1500298
Обесточен,1288383
Есть питание,1105757
Дыма нет,173609
Обнаружен дым,172066
Разговор,108109
Вызов,93577
Работают все насосы в АНС,92229
На охране,83399
Снято с охраны,83386
Затоплен,64437
Рычаг норма,42103
Рычаг сдернут,42093
01.01.1970 03:00:01,41534
01.01.1970 03:00:00,41520
Питание от сети,26206
Питание от батарей,23041
Обнаружен газ,21784
В норме от +3 до +40,20096
Не определено,11837
Температура ниже 3ºC,10459
Отключено устройство,9189
Много неисправных устройств,8835
Устройства на объекте исправны,8831
Батарея неисправна,3454
Температура выше 40ºC,2105
Батарея разряжена,309
22.09.2019 20:01:31,9
22.09.2019 09:11:10,8
20.09.2019 17:29:40,7
31.12.2024 15:07:53,4
10.05.2023 21:10:44,4
13.10.2021 11:34:30,4
19.08.2024 11:51:24,4
20.09.2019 21:14:51,4
20.04.2021 13:48:37,4
28.05.2024 19:35:30,4
16.04.2025 00:31:10,4
19.04.2021 16:28:50,4
06.07.2020 12:38:04,4
16.12.2024 10:48:46,4
25.04.2020 18:53:27,4
29.05.2020 09:59:12,4
02.09.2020 10:47:34,4
10.05.2023 15:26:56,4
14.12.2023 13:59:18,4
11.12.2025 10:25:15,4
01.09.2020 13:19:24,4
23.11.2021 07:52:03,4
23.06.2021 12:20:25,4
28.08.2024 11:03:16,3
07.11.2024 14:14:59,3
03.10.2025 09:47:22,3
