ид_канала_данных,first_seen,last_seen,n_events,n_distinct_days,last_seen_dt
179226,2019-01-02,2020-03-30,828,332,2020-03-30
171675,2019-01-04,2021-07-20,4085,769,2021-07-20
50742,2019-01-04,2022-04-29,12950,416,2022-04-29
196676,2019-01-02,2023-08-04,5875,935,2023-08-04
50876,2019-01-04,2022-04-21,6583,509,2022-04-21
212611,2019-01-03,2021-04-02,2415,248,2021-04-02
196781,2019-01-01,2019-12-09,30787,207,2019-12-09
214220,2019-01-02,2022-12-14,2254,867,2022-12-14
197209,2019-01-04,2022-02-01,22926,958,2022-02-01
197080,2019-01-04,2022-02-01,22390,926,2022-02-01
197085,2019-01-04,2022-01-28,22433,924,2022-01-28
197196,2019-01-04,2022-02-01,22558,938,2022-02-01
50957,2019-01-01,2021-09-07,3094,758,2021-09-07
171381,2019-02-21,2021-07-20,21207,154,2021-07-20
51115,2019-01-04,2022-04-28,3744,981,2022-04-28
179165,2019-01-02,2020-04-06,1345,403,2020-04-06
179393,2019-01-02,2020-04-06,983,403,2020-04-06
50811,2019-01-05,2022-03-20,577,288,2022-03-20
197215,2019-01-15,2021-12-13,20140,464,2021-12-13
197063,2019-01-15,2019-10-30,405,115,2019-10-30
197083,2019-01-15,2021-12-14,22320,770,2021-12-14
197098,2019-01-15,2022-01-27,22336,522,2022-01-27
197100,2019-01-15,2022-01-27,22062,512,2022-01-27
197101,2019-01-15,2022-01-27,23723,545,2022-01-27
197108,2019-01-15,2021-12-29,22203,771,2021-12-29
171399,2019-02-18,2021-07-20,188,44,2021-07-20
171517,2019-02-18,2021-07-20,232,48,2021-07-20
50868,2019-01-04,2022-04-21,11876,669,2022-04-21
171445,2019-02-18,2021-07-20,197,48,2021-07-20
50700,2019-01-04,2022-02-09,253896,664,2022-02-09
2948,2019-01-02,2019-12-10,2680,184,2019-12-10
171454,2019-02-18,2021-07-20,179,43,2021-07-20
50682,2019-01-04,2021-12-19,56902,358,2021-12-19
171475,2019-02-18,2021-07-20,331,73,2021-07-20
50844,2019-01-04,2022-01-11,2113,436,2022-01-11
144806,2019-01-01,2022-11-23,2012,714,2022-11-23
171746,2019-01-13,2021-07-20,251,54,2021-07-20
77673,2019-02-25,2021-01-31,607,179,2021-01-31
90693,2019-01-22,2022-02-27,588,67,2022-02-27
214100,2019-01-02,2019-08-27,432,24,2019-08-27
214106,2019-01-02,2019-08-27,168,22,2019-08-27
214108,2019-01-02,2019-07-08,107,18,2019-07-08
162875,2019-01-01,2024-05-24,821,231,2024-05-24
178260,2019-01-01,2019-11-06,726,188,2019-11-06
120968,2019-02-07,2023-09-15,304,103,2023-09-15
179147,2019-01-20,2020-03-30,838,240,2020-03-30
179379,2019-01-20,2020-03-30,870,247,2020-03-30
179161,2019-01-02,2020-04-06,90,28,2020-04-06
179378,2019-01-20,2020-03-30,904,250,2020-03-30
93629,2019-01-05,2019-08-16,136,25,2019-08-16
94009,2019-01-05,2020-06-08,510,56,2020-06-08
94155,2019-01-05,2024-05-04,779,145,2024-05-04
95334,2019-01-05,2022-07-11,117,50,2022-07-11
95396,2019-01-05,2022-07-11,123,52,2022-07-11
95400,2019-01-05,2022-07-11,123,52,2022-07-11
95406,2019-01-05,2022-07-11,123,52,2022-07-11
95411,2019-01-05,2020-08-10,908,319,2020-08-10
95456,2019-01-05,2022-07-11,119,49,2022-07-11
95459,2019-01-05,2022-07-11,121,49,2022-07-11
95464,2019-01-05,2022-07-11,122,49,2022-07-11
95491,2019-01-05,2022-07-11,120,49,2022-07-11
95495,2019-01-05,2022-07-11,124,49,2022-07-11
96244,2019-01-05,2022-07-08,217,89,2022-07-08
96316,2019-01-05,2022-07-07,283,104,2022-07-07
96337,2019-01-05,2022-07-07,7019,117,2022-07-07
96339,2019-01-05,2022-07-07,228,92,2022-07-07
96425,2019-01-05,2022-07-08,217,89,2022-07-08
96428,2019-01-05,2022-07-08,217,89,2022-07-08
96438,2019-01-05,2022-07-08,217,89,2022-07-08
98809,2019-01-05,2022-07-11,284,93,2022-07-11
193122,2019-01-05,2020-06-08,120,47,2020-06-08
51034,2019-02-11,2022-02-04,3274,750,2022-02-04
51064,2019-02-11,2022-04-29,3196,736,2022-04-29
51112,2019-02-11,2022-04-28,3963,963,2022-04-28
171757,2019-01-07,2021-07-20,2104,531,2021-07-20
120146,2019-01-03,2022-03-15,123,59,2022-03-15
120224,2019-01-22,2022-04-08,1094,402,2022-04-08
146997,2019-01-31,2022-03-22,112,61,2022-03-22
171778,2019-01-04,2021-07-20,315,61,2021-07-20
171806,2019-01-07,2021-07-20,289,58,2021-07-20
171810,2019-01-05,2021-07-20,325,63,2021-07-20
147007,2019-01-09,2022-10-03,287,88,2022-10-03
143697,2019-01-09,2020-03-05,2419,48,2020-03-05
212304,2019-02-04,2024-04-18,188,71,2024-04-18
212632,2019-02-04,2019-10-24,30,14,2019-10-24
212633,2019-02-04,2019-10-24,32,14,2019-10-24
223573,2019-06-19,2020-07-06,197,31,2020-07-06
231893,2020-02-06,2023-05-10,2738,38,2023-05-10
231901,2020-02-06,2023-05-10,2878,38,2023-05-10
214232,2019-01-02,2020-05-25,337,125,2020-05-25
50978,2019-01-05,2022-02-08,14379,317,2022-02-08
171685,2019-01-02,2021-07-20,15566,855,2021-07-20
171749,2019-01-01,2021-07-20,2562,687,2021-07-20
113993,2019-01-02,2021-01-29,869,392,2021-01-29
50983,2019-01-05,2022-04-28,5211,433,2022-04-28
77761,2019-01-01,2023-02-07,947,154,2023-02-07
171771,2019-01-07,2021-07-20,2658,630,2021-07-20
171366,2019-01-08,2021-06-04,331,144,2021-06-04
171793,2019-01-03,2021-07-20,3010,696,2021-07-20
171663,2019-01-04,2021-07-20,4998,752,2021-07-20
171689,2019-01-03,2021-07-20,3101,720,2021-07-20
50977,2019-01-05,2022-02-08,21405,355,2022-02-08
120167,2019-01-02,2022-04-08,15564,367,2022-04-08
214234,2019-01-02,2020-05-25,337,122,2020-05-25
171745,2019-01-13,2021-07-20,1577,402,2021-07-20
50652,2019-01-05,2022-02-03,8136,244,2022-02-03
171791,2019-01-02,2021-07-20,11184,785,2021-07-20
50894,2019-01-05,2022-04-29,23846,710,2022-04-29
50689,2019-01-05,2022-02-05,956,486,2022-02-05
50695,2019-01-02,2022-02-04,920,355,2022-02-04
50739,2019-01-04,2022-04-29,2958,554,2022-04-29
157296,2019-01-09,2019-08-22,56,14,2019-08-22
143578,2019-01-09,2020-07-10,229,43,2020-07-10
171665,2019-01-04,2021-07-20,2867,701,2021-07-20
171809,2019-01-04,2021-07-20,5642,767,2021-07-20
50856,2019-01-05,2022-02-04,6569,482,2022-02-04
120170,2019-01-31,2021-02-02,1946,474,2021-02-02
50812,2019-01-05,2022-04-27,7016,178,2022-04-27
50691,2019-01-05,2022-02-09,325,124,2022-02-09
50875,2019-01-05,2022-04-26,6471,407,2022-04-26
51653,2019-02-11,2022-02-10,1264,190,2022-02-10
223574,2019-06-07,2020-08-13,978,75,2020-08-13
224442,2019-08-26,2020-07-23,629,100,2020-07-23
214107,2019-01-02,2019-09-14,49,11,2019-09-14
50676,2019-01-05,2022-02-10,8344,267,2022-02-10
50825,2019-01-05,2021-10-05,302,93,2021-10-05
50853,2019-01-05,2022-02-03,374,101,2022-02-03
50854,2019-01-05,2021-05-27,148,49,2021-05-27
50895,2019-01-05,2022-04-21,285,84,2022-04-21
226795,2019-10-30,2022-03-15,1317,200,2022-03-15
227488,2019-12-02,2020-01-24,75,18,2020-01-24
224427,2019-08-21,2020-07-23,498,27,2020-07-23
196724,2019-01-04,2019-02-04,91,10,2019-02-04
144863,2019-01-23,2019-01-24,3,2,2019-01-24
227502,2019-12-02,2022-08-19,563,134,2022-08-19
224420,2019-08-21,2020-07-23,128,22,2020-07-23
143529,2020-01-23,2023-11-23,1223,441,2023-11-23
224424,2019-08-21,2023-11-21,1257,73,2023-11-21
224431,2019-11-19,2020-07-31,47235,97,2020-07-31
228604,2020-03-24,2021-08-20,100,44,2021-08-20
250747,2021-05-28,2021-12-20,118,38,2021-12-20
50958,2021-09-08,2022-04-21,366,49,2022-04-21
263422,2021-11-08,2022-04-21,278,32,2022-04-21
263423,2021-11-08,2022-04-26,328,61,2022-04-26
229658,2019-12-23,2019-12-23,2,1,2019-12-23
214202,2019-01-02,2020-01-28,26,8,2020-01-28
214201,2019-01-02,2020-01-16,22,7,2020-01-16
214200,2019-01-02,2020-01-29,24,9,2020-01-29
214199,2019-01-02,2020-01-29,75,12,2020-01-29
100504,2019-04-29,2019-04-30,5,2,2019-04-30
230674,2020-01-09,2020-01-14,18,4,2020-01-14
230676,2020-01-09,2020-01-14,44,4,2020-01-14
230678,2020-01-09,2020-01-14,18,4,2020-01-14
278057,2022-03-03,2022-03-04,4,2,2022-03-04
196748,2019-01-02,2019-12-09,57387,303,2019-12-09
2980,2019-01-02,2020-08-10,131663,397,2020-08-10
171391,2019-01-08,2021-07-20,581,249,2021-07-20
50711,2019-01-01,2022-02-10,5209,788,2022-02-10
196749,2019-01-17,2019-12-09,21119,209,2019-12-09
3065,2019-01-11,2022-11-08,688,126,2022-11-08
50724,2019-01-04,2022-04-29,11162,486,2022-04-29
50722,2019-01-04,2022-04-28,15550,540,2022-04-28
171365,2019-01-11,2021-06-04,88891,362,2021-06-04
197210,2019-01-04,2022-02-01,22469,959,2022-02-01
51066,2019-01-04,2022-04-26,2892,765,2022-04-26
197105,2019-01-15,2022-02-01,20434,477,2022-02-01
197109,2019-01-15,2021-12-29,22286,772,2021-12-29
197193,2019-01-08,2022-01-27,34487,614,2022-01-27
197211,2019-01-15,2022-02-01,20427,493,2022-02-01
171499,2019-02-18,2021-07-20,171,47,2021-07-20
50744,2019-01-04,2022-04-29,168524,726,2022-04-29
171493,2019-02-18,2021-07-20,271,47,2021-07-20
171406,2019-02-18,2021-07-20,164,43,2021-07-20
171415,2019-02-18,2021-07-20,231,46,2021-07-20
171424,2019-01-04,2021-07-20,260,53,2021-07-20
171460,2019-02-18,2021-07-20,199,49,2021-07-20
50829,2019-01-04,2021-12-19,1168,225,2021-12-19
50648,2019-01-04,2022-02-10,89118,618,2022-02-10
171387,2019-02-18,2019-04-28,72,12,2019-04-28
77664,2019-01-05,2019-06-11,7359,33,2019-06-11
77680,2019-01-02,2022-03-02,1602,97,2022-03-02
185799,2019-01-22,2019-06-10,32,9,2019-06-10
214101,2019-01-02,2020-05-19,576,30,2020-05-19
214260,2019-01-30,2020-05-04,133,25,2020-05-04
214269,2019-01-02,2019-08-08,104,17,2019-08-08
214272,2019-01-02,2019-08-08,77,16,2019-08-08
162790,2019-01-01,2023-08-31,718,207,2023-08-31
162905,2019-01-01,2024-07-19,811,225,2024-07-19
162862,2019-01-01,2023-08-31,1029,259,2023-08-31
2889,2019-01-19,2022-11-22,1920,571,2022-11-22
3005,2019-01-11,2022-11-17,673,143,2022-11-17
9362,2019-01-19,2021-07-23,205,99,2021-07-23
179145,2019-01-20,2020-03-30,928,246,2020-03-30
179396,2019-01-20,2020-04-06,35,13,2020-04-06
95335,2019-01-05,2022-07-11,123,52,2022-07-11
95338,2019-01-05,2022-07-11,123,52,2022-07-11
95339,2019-01-05,2022-07-11,123,52,2022-07-11
95343,2019-01-05,2022-07-11,117,50,2022-07-11
95346,2019-01-05,2022-07-11,143,53,2022-07-11
95347,2019-01-05,2022-07-11,125,53,2022-07-11
95351,2019-01-05,2022-07-11,141,52,2022-07-11
95353,2019-01-05,2022-07-11,121,51,2022-07-11
95460,2019-01-05,2022-07-11,121,49,2022-07-11
95489,2019-01-05,2022-07-11,123,49,2022-07-11
95498,2019-01-05,2022-07-11,122,49,2022-07-11
96242,2019-01-05,2022-07-08,217,89,2022-07-08
96334,2019-01-05,2022-07-07,235,93,2022-07-07
96421,2019-01-05,2022-07-08,217,89,2022-07-08
96422,2019-01-05,2022-07-08,445,193,2022-07-08
96424,2019-01-05,2022-07-08,217,89,2022-07-08
96439,2019-01-05,2022-07-08,217,89,2022-07-08
96446,2019-01-05,2022-07-08,217,89,2022-07-08
98814,2019-01-05,2022-07-08,226,92,2022-07-08
193212,2019-01-05,2020-07-24,212,50,2020-07-24
51024,2019-02-11,2022-02-09,3102,826,2022-02-09
51047,2019-02-11,2022-02-04,3986,918,2022-02-04
51062,2019-02-11,2022-03-14,3208,731,2022-03-14
171781,2019-01-07,2021-07-20,2892,691,2021-07-20
171703,2019-01-04,2021-07-20,2278,657,2021-07-20
197029,2019-01-16,2022-02-01,555,123,2022-02-01
120220,2019-01-10,2022-04-08,357,48,2022-04-08
146996,2019-01-02,2022-03-15,2036,95,2022-03-15
171702,2019-01-13,2021-07-20,282,51,2021-07-20
171714,2019-01-13,2021-07-20,347,54,2021-07-20
171760,2019-01-13,2021-07-20,244,52,2021-07-20
171762,2019-01-13,2021-07-20,227,52,2021-07-20
171790,2019-01-07,2021-07-20,331,58,2021-07-20
143495,2019-01-09,2020-07-28,90,30,2020-07-28
143563,2019-01-09,2020-07-28,140,32,2020-07-28
157301,2019-01-09,2022-10-27,428,116,2022-10-27
143629,2019-01-09,2022-10-27,343,93,2022-10-27
143639,2019-01-09,2020-07-30,126,34,2020-07-30
157312,2019-01-09,2019-09-13,42,12,2019-09-13
212258,2019-02-04,2022-03-17,122,52,2022-03-17
212345,2019-02-04,2022-03-14,144,59,2022-03-14
230156,2020-01-29,2020-02-27,194,19,2020-02-27
231811,2020-02-06,2023-05-10,2584,36,2023-05-10
231878,2020-02-06,2023-05-10,2580,36,2023-05-10
231932,2020-02-06,2023-05-10,3340,39,2023-05-10
231953,2020-02-06,2023-05-10,3366,39,2023-05-10
51008,2019-02-11,2022-02-10,15949,1055,2022-02-10
171735,2019-01-04,2021-07-20,1655,470,2021-07-20
50735,2019-01-03,2022-04-21,1304,519,2022-04-21
50824,2019-01-05,2022-02-09,841,351,2022-02-09
50976,2019-01-01,2022-02-10,10454,501,2022-02-10
171718,2019-01-13,2021-07-20,418,54,2021-07-20
77685,2019-01-02,2022-03-02,2408,542,2022-03-02
2949,2019-01-19,2019-12-10,71,32,2019-12-10
50839,2019-01-01,2022-02-06,548,290,2022-02-06
171731,2019-01-08,2021-07-20,1624,509,2021-07-20
50980,2019-01-01,2022-02-08,5661,325,2022-02-08
171795,2019-01-04,2021-07-20,925,376,2021-07-20
50672,2019-01-05,2021-12-27,54386,547,2021-12-27
3061,2019-01-11,2020-01-17,502,126,2020-01-17
171694,2019-01-04,2021-07-20,342,56,2021-07-20
50687,2019-01-03,2022-01-12,408,220,2022-01-12
50725,2019-01-05,2022-03-21,365,161,2022-03-21
50702,2019-01-05,2022-02-03,85744,411,2022-02-03
50666,2019-01-05,2022-02-10,67066,456,2022-02-10
143524,2019-01-09,2022-11-03,545,100,2022-11-03
50858,2019-01-05,2020-11-19,158,44,2020-11-19
171767,2019-01-07,2021-07-20,2295,614,2021-07-20
219881,2019-02-20,2019-08-30,1480,51,2019-08-30
51051,2019-02-11,2022-02-04,3618,898,2022-02-04
221462,2019-04-11,2022-03-15,1532,239,2022-03-15
50861,2019-01-05,2021-12-19,1710,287,2021-12-19
222039,2019-04-27,2019-06-21,297,28,2019-06-21
144844,2019-01-06,2023-05-15,283,142,2023-05-15
144897,2019-01-23,2021-10-12,265,67,2021-10-12
196670,2019-01-17,2023-08-21,6421,372,2023-08-21
196690,2019-01-17,2023-08-21,9446,458,2023-08-21
224440,2019-08-26,2020-07-10,138,24,2020-07-10
224449,2019-08-28,2020-07-23,299,56,2020-07-23
196788,2019-01-17,2019-12-05,46,13,2019-12-05
226797,2019-10-30,2022-04-08,2786,198,2022-04-08
224417,2019-08-21,2020-07-23,162,25,2020-07-23
228501,2020-03-24,2021-08-30,92,39,2021-08-30
228534,2020-03-24,2021-08-30,88,38,2021-08-30
244712,2020-06-26,2021-12-30,1459,237,2021-12-30
50873,2021-11-14,2022-04-21,281,36,2022-04-21
287014,2022-05-23,2023-07-11,181,38,2023-07-11
267935,2022-05-15,2022-12-05,128,38,2022-12-05
230667,2020-01-09,2020-01-30,1051,9,2020-01-30
230657,2020-01-09,2020-01-30,66,10,2020-01-30
214206,2019-01-02,2020-01-29,32,9,2020-01-29
230673,2020-01-09,2020-01-14,572,4,2020-01-14
230658,2020-01-09,2020-01-14,58,4,2020-01-14
230660,2020-01-09,2020-01-14,18,4,2020-01-14
230662,2020-01-09,2020-01-14,22,4,2020-01-14
230664,2020-01-09,2020-01-10,14,2,2020-01-10
196754,2019-01-17,2019-12-09,41165,282,2019-12-09
2966,2019-01-11,2020-08-10,124471,309,2020-08-10
2986,2019-01-02,2020-08-10,196627,445,2020-08-10
144893,2019-01-01,2021-10-07,44537,940,2021-10-07
2958,2019-01-10,2019-12-10,12478,224,2019-12-10
171723,2019-01-03,2021-07-20,2180,645,2021-07-20
50716,2019-01-05,2022-04-29,41394,560,2022-04-29
2954,2019-01-02,2020-08-10,104903,410,2020-08-10
214229,2019-01-02,2020-05-25,830,248,2020-05-25
197197,2019-01-04,2022-02-01,22792,957,2022-02-01
51698,2019-01-04,2022-04-28,3564,990,2022-04-28
179225,2019-01-02,2020-03-30,832,339,2020-03-30
50745,2019-01-01,2022-04-06,605,310,2022-04-06
50681,2019-01-01,2022-02-04,1358,464,2022-02-04
197084,2019-01-15,2021-12-14,22313,766,2021-12-14
197088,2019-01-15,2022-01-27,21824,762,2022-01-27
197090,2019-01-15,2022-01-27,21856,773,2022-01-27
197097,2019-01-15,2022-02-01,21807,517,2022-02-01
197192,2019-01-15,2022-01-27,22046,769,2022-01-27
197198,2019-01-15,2022-01-27,20362,487,2022-01-27
197201,2019-01-01,2022-01-27,22178,513,2022-01-27
197212,2019-01-15,2022-02-01,20708,500,2022-02-01
50671,2019-01-05,2022-02-07,411,199,2022-02-07
171412,2019-02-18,2021-07-20,208,44,2021-07-20
171496,2019-02-18,2021-07-20,233,50,2021-07-20
2890,2019-01-02,2022-11-17,10929,436,2022-11-17
103958,2019-01-03,2023-10-27,995,358,2023-10-27
171525,2019-02-18,2021-07-20,245,53,2021-07-20
171442,2019-02-18,2021-07-20,155,44,2021-07-20
171448,2019-02-18,2021-07-20,208,55,2021-07-20
50678,2019-01-04,2022-02-10,69796,577,2022-02-10
185800,2019-01-02,2019-06-10,260,63,2019-06-10
171390,2019-02-18,2019-05-07,30,8,2019-05-07
90714,2019-01-22,2020-08-12,90,31,2020-08-12
152820,2019-01-22,2023-02-07,839,80,2023-02-07
214098,2019-01-02,2020-03-06,121,24,2020-03-06
214265,2019-01-02,2019-08-08,93,19,2019-08-08
214270,2019-01-02,2019-08-08,92,15,2019-08-08
214271,2019-01-02,2019-08-08,88,17,2019-08-08
162821,2019-01-01,2023-11-09,733,211,2023-11-09
2987,2019-01-02,2020-08-10,99,58,2020-08-10
3040,2019-01-11,2019-04-24,18,7,2019-04-24
93444,2019-01-05,2020-07-24,154,44,2020-07-24
95341,2019-01-05,2022-07-11,123,52,2022-07-11
95349,2019-01-05,2022-07-11,1007,59,2022-07-11
95398,2019-01-05,2022-07-11,123,52,2022-07-11
95403,2019-01-05,2022-07-11,123,52,2022-07-11
95455,2019-01-05,2022-07-11,117,49,2022-07-11
95458,2019-01-05,2022-07-11,123,49,2022-07-11
96238,2019-01-05,2022-07-08,217,89,2022-07-08
96335,2019-01-05,2022-07-07,235,93,2022-07-07
96427,2019-01-05,2022-07-08,217,89,2022-07-08
96429,2019-01-05,2022-07-08,217,89,2022-07-08
96442,2019-01-05,2022-07-08,217,89,2022-07-08
96443,2019-01-05,2022-07-08,217,89,2022-07-08
96478,2019-01-05,2022-07-07,236,93,2022-07-07
98810,2019-01-05,2022-07-11,278,88,2022-07-11
98811,2019-01-05,2022-07-11,142,60,2022-07-11
98812,2019-01-05,2022-07-11,126,54,2022-07-11
98815,2019-01-05,2022-07-07,262,103,2022-07-07
193129,2019-01-05,2019-08-15,62,25,2019-08-15
51003,2019-02-11,2022-02-09,2258,565,2022-02-09
51063,2019-02-11,2022-04-26,3206,736,2022-04-26
51666,2019-02-11,2022-03-12,2509,600,2022-03-12
196946,2019-02-01,2022-02-01,319,88,2022-02-01
120196,2019-01-10,2022-03-15,185,50,2022-03-15
120198,2019-01-10,2022-03-15,262,43,2022-03-15
120199,2019-01-18,2022-03-15,178,73,2022-03-15
120215,2019-01-10,2022-03-15,249,43,2022-03-15
120216,2019-01-10,2022-03-15,185,43,2022-03-15
120217,2019-01-31,2022-03-15,176,69,2022-03-15
120219,2019-01-03,2022-03-22,151,74,2022-03-22
120221,2019-01-10,2022-04-08,201,51,2022-04-08
147628,2019-01-10,2022-03-15,184,43,2022-03-15
171734,2019-01-13,2021-07-20,276,54,2021-07-20
171736,2019-01-13,2021-07-20,243,52,2021-07-20
171802,2019-01-07,2021-07-20,294,56,2021-07-20
171812,2019-01-07,2021-07-20,280,55,2021-07-20
212239,2019-02-04,2022-03-17,133,54,2022-03-17
212267,2019-02-04,2022-03-23,152,62,2022-03-23
212295,2019-02-04,2022-03-23,146,60,2022-03-23
212655,2019-02-04,2024-05-24,174,72,2024-05-24
230132,2020-01-29,2020-02-27,573,19,2020-02-27
231730,2020-02-06,2023-05-10,1818,30,2023-05-10
231794,2020-02-06,2023-05-10,2470,33,2023-05-10
231959,2020-02-06,2023-05-10,3374,38,2023-05-10
231997,2020-02-06,2023-05-10,3510,39,2023-05-10
231696,2020-02-06,2023-05-10,3584,30,2023-05-10
171726,2019-01-04,2021-07-20,485,74,2021-07-20
197104,2019-01-04,2022-02-01,22980,956,2022-02-01
171755,2019-01-01,2021-07-20,2336,598,2021-07-20
171693,2019-01-01,2021-07-20,3975,696,2021-07-20
197157,2019-01-04,2020-09-24,1828,463,2020-09-24
50860,2019-01-03,2022-02-08,965,325,2022-02-08
171687,2019-01-05,2021-07-20,2165,608,2021-07-20
214127,2019-01-29,2020-05-21,451,73,2020-05-21
50828,2019-01-01,2019-12-16,99,58,2019-12-16
171801,2019-01-06,2021-07-20,669,245,2021-07-20
120145,2019-01-02,2022-04-04,1962,296,2022-04-04
50836,2019-01-05,2022-02-01,4002,398,2022-02-01
171658,2019-01-05,2021-07-20,294,54,2021-07-20
171688,2019-01-13,2021-07-20,351,53,2021-07-20
50982,2019-01-05,2022-02-09,5761,304,2022-02-09
216261,2019-01-05,2022-04-08,846,248,2022-04-08
50821,2019-01-05,2022-02-10,2848,449,2022-02-10
196747,2019-01-02,2019-12-09,47248,291,2019-12-09
143540,2019-01-09,2020-07-29,206,40,2020-07-29
50680,2019-01-05,2022-02-10,42330,376,2022-02-10
50737,2019-01-02,2022-04-29,818,421,2022-04-29
216269,2019-01-04,2019-08-29,1585,42,2019-08-29
50837,2019-01-05,2021-12-27,323,124,2021-12-27
50721,2019-01-01,2022-04-24,475,264,2022-04-24
50665,2019-01-05,2022-02-01,1376,435,2022-02-01
212631,2019-01-17,2020-10-11,814,145,2020-10-11
144892,2019-01-23,2021-10-12,355,68,2021-10-12
50835,2019-01-05,2022-02-09,12734,543,2022-02-09
51702,2019-01-10,2022-03-24,949,192,2022-03-24
51685,2019-02-11,2021-06-23,163,31,2021-06-23
51686,2019-02-11,2021-06-15,129,30,2021-06-15
223575,2019-06-14,2020-08-12,476,79,2020-08-12
51648,2019-02-11,2022-02-09,2209,239,2022-02-09
51658,2019-02-11,2022-02-09,1049,208,2022-02-09
224444,2019-08-26,2020-07-23,378,85,2020-07-23
224433,2019-09-04,2023-11-22,1959,92,2023-11-22
224438,2019-08-22,2020-07-23,460,46,2020-07-23
224447,2019-09-05,2020-07-23,115,25,2020-07-23
50827,2019-01-05,2022-01-31,447,115,2022-01-31
50891,2019-01-05,2022-04-21,374,103,2022-04-21
120536,2019-01-01,2019-01-22,34,13,2019-01-22
231688,2020-02-06,2023-05-10,3620,51,2023-05-10
228561,2020-03-24,2021-08-20,100,40,2021-08-20
263424,2021-11-15,2022-04-21,174,26,2022-04-21
266773,2022-02-11,2024-10-15,477,96,2024-10-15
305211,2023-06-28,2023-06-30,2998,3,2023-06-30
115705,2021-08-09,2021-08-09,1,1,2021-08-09
196773,2019-01-01,2019-12-09,132539,268,2019-12-09
50743,2019-01-01,2022-04-22,716,345,2022-04-22
196782,2019-01-03,2019-12-09,64173,307,2019-12-09
196770,2019-01-17,2019-12-05,17673,170,2019-12-05
196791,2019-01-01,2019-12-05,52161,282,2019-12-05
50740,2019-01-04,2022-04-29,28014,490,2022-04-29
50984,2019-01-03,2022-04-21,266912,324,2022-04-21
50720,2019-01-04,2022-04-29,109010,669,2022-04-29
51662,2019-01-04,2022-04-28,3324,982,2022-04-28
51660,2019-01-04,2022-02-10,3268,907,2022-02-10
51677,2019-01-04,2022-04-28,3203,987,2022-04-28
197095,2019-01-04,2021-12-29,21686,834,2021-12-29
2983,2019-01-03,2022-11-23,3818,1118,2022-11-23
197091,2019-01-04,2022-01-27,21776,837,2022-01-27
51679,2019-01-04,2022-04-28,3303,987,2022-04-28
51657,2019-01-04,2022-02-09,3151,869,2022-02-09
179223,2019-01-02,2020-03-30,1048,371,2020-03-30
179394,2019-01-02,2020-04-06,1707,403,2020-04-06
50747,2019-01-01,2022-04-19,1553,614,2022-04-19
197057,2019-01-15,2019-10-30,404,115,2019-10-30
197061,2019-01-15,2019-10-30,404,115,2019-10-30
197065,2019-01-15,2021-08-03,10447,393,2021-08-03
197068,2019-01-15,2022-01-27,22022,769,2022-01-27
197070,2019-01-15,2021-12-13,20316,460,2021-12-13
197092,2019-01-15,2021-12-29,20214,461,2021-12-29
197102,2019-01-15,2022-01-27,21162,494,2022-01-27
115420,2019-01-07,2021-08-05,1392,310,2021-08-05
171439,2019-02-18,2021-07-20,211,44,2021-07-20
50896,2019-01-04,2019-08-26,214,82,2019-08-26
171490,2019-02-18,2021-07-20,238,48,2021-07-20
171409,2019-02-18,2021-07-20,1945,45,2021-07-20
171511,2019-02-18,2021-07-20,364,61,2021-07-20
50704,2019-01-04,2022-02-08,100916,542,2022-02-08
50696,2019-01-04,2022-02-09,36730,424,2022-02-09
171472,2019-02-18,2021-07-20,211,52,2021-07-20
50840,2019-01-04,2022-01-11,2888,466,2022-01-11
171466,2019-02-18,2021-07-20,255,50,2021-07-20
50820,2019-01-04,2021-01-20,1161,346,2021-01-20
77667,2019-02-05,2019-06-11,363,48,2019-06-11
77824,2019-01-16,2019-06-10,98,37,2019-06-10
90694,2019-01-22,2019-09-11,82,16,2019-09-11
90717,2019-01-22,2022-02-27,624,63,2022-02-27
214099,2019-01-02,2019-09-09,123,20,2019-09-09
214105,2019-01-02,2019-08-27,216,25,2019-08-27
214255,2019-01-02,2020-05-21,350,78,2020-05-21
162806,2019-01-01,2023-09-20,800,223,2023-09-20
2891,2019-01-18,2022-11-17,879,427,2022-11-17
2990,2019-01-11,2022-02-07,252,78,2022-02-07
2993,2019-01-11,2020-06-15,92,24,2020-06-15
3010,2019-01-11,2021-01-02,96,35,2021-01-02
3052,2019-01-11,2020-01-17,278,47,2020-01-17
9364,2019-01-01,2020-01-17,89,45,2020-01-17
93185,2019-01-03,2020-07-29,2502,78,2020-07-29
95350,2019-01-05,2022-07-11,125,52,2022-07-11
95402,2019-01-05,2022-07-11,123,52,2022-07-11
95467,2019-01-05,2022-07-11,124,49,2022-07-11
95471,2019-01-05,2022-07-11,125,49,2022-07-11
95472,2019-01-05,2022-07-11,125,49,2022-07-11
95490,2019-01-05,2022-07-11,120,49,2022-07-11
95494,2019-01-05,2022-07-11,122,49,2022-07-11
96434,2019-01-05,2022-07-08,217,89,2022-07-08
96436,2019-01-05,2022-07-08,217,89,2022-07-08
96447,2019-01-05,2022-07-08,217,89,2022-07-08
51025,2019-02-11,2022-02-09,3042,826,2022-02-09
51109,2019-02-11,2022-02-04,3785,918,2022-02-04
51144,2019-02-11,2022-04-28,4168,915,2022-04-28
51061,2019-02-11,2022-03-14,3172,719,2022-03-14
51110,2019-02-11,2022-02-04,3733,923,2022-02-04
51035,2019-02-11,2022-02-04,3174,673,2022-02-04
170852,2019-02-11,2022-02-04,2528,625,2022-02-04
120611,2019-01-10,2022-07-01,165,58,2022-07-01
171706,2019-01-04,2021-07-20,289,54,2021-07-20
171709,2019-01-03,2021-07-20,874,316,2021-07-20
171750,2019-01-04,2021-07-20,297,58,2021-07-20
171768,2019-01-07,2021-07-20,257,54,2021-07-20
171770,2019-01-07,2021-07-20,273,56,2021-07-20
171780,2019-01-07,2021-07-20,330,61,2021-07-20
171798,2019-01-07,2021-07-20,348,62,2021-07-20
143562,2019-01-09,2020-07-10,177,37,2020-07-10
143589,2019-01-09,2020-07-10,213,56,2020-07-10
231831,2020-02-06,2023-05-10,2588,37,2023-05-10
231709,2020-02-06,2023-05-10,3866,30,2023-05-10
229528,2020-02-23,2020-03-23,96,17,2020-03-23
287887,2022-05-23,2023-06-23,89,21,2023-06-23
171678,2019-01-04,2021-07-20,340,63,2021-07-20
171722,2019-01-04,2021-07-20,251,53,2021-07-20
171478,2019-02-18,2021-07-20,218,49,2021-07-20
50899,2019-01-05,2022-04-23,639,302,2022-04-23
197182,2019-01-04,2020-10-12,1885,474,2020-10-12
2967,2019-01-03,2020-08-10,192,100,2020-08-10
51037,2019-02-05,2022-02-09,2885,406,2022-02-09
120214,2019-01-23,2022-04-08,334,202,2022-04-08
214236,2019-01-02,2020-05-25,301,112,2020-05-25
171660,2019-01-05,2021-07-20,326,55,2021-07-20
171666,2019-01-04,2021-07-20,297,58,2021-07-20
171676,2019-01-04,2021-07-20,254,52,2021-07-20
171682,2019-01-04,2021-07-20,527,54,2021-07-20
171680,2019-01-13,2021-07-20,309,55,2021-07-20
50701,2019-01-05,2022-02-07,512,285,2022-02-07
51652,2019-02-11,2022-02-09,1046,209,2022-02-09
179146,2019-01-20,2020-03-30,1010,226,2020-03-30
50668,2019-01-05,2022-02-09,65378,549,2022-02-09
143640,2019-01-09,2022-09-09,774,127,2022-09-09
219882,2019-02-20,2019-08-29,1556,44,2019-08-29
120142,2019-01-04,2022-01-25,135,88,2022-01-25
50657,2019-01-03,2022-01-29,378,167,2022-01-29
171691,2019-01-05,2021-07-20,496,234,2021-07-20
50667,2019-01-05,2022-02-01,566,268,2022-02-01
223576,2019-06-07,2020-08-13,1963,124,2020-08-13
51655,2019-02-11,2022-02-04,1470,203,2022-02-04
113986,2019-01-23,2021-01-05,98,34,2021-01-05
154104,2019-01-01,2021-03-30,244,68,2021-03-30
224437,2019-08-26,2020-07-23,1618,105,2020-07-23
224441,2019-08-22,2020-07-10,150,26,2020-07-10
224435,2019-09-05,2023-11-21,1298,86,2023-11-21
196787,2019-01-17,2019-12-06,137,14,2019-12-06
224698,2019-09-18,2022-11-03,757,231,2022-11-03
50845,2019-01-05,2022-01-11,741,156,2022-01-11
50660,2019-01-05,2022-01-31,49770,380,2022-01-31
50884,2019-01-05,2021-04-04,144,47,2021-04-04
232012,2020-02-06,2023-05-10,3646,40,2023-05-10
232154,2020-02-12,2022-01-27,16938,233,2022-01-27
224416,2019-08-21,2023-11-21,1247,78,2023-11-21
228483,2020-03-24,2021-08-30,84,32,2021-08-30
228496,2020-03-24,2021-08-30,99,39,2021-08-30
228514,2020-03-24,2021-08-30,86,39,2021-08-30
228566,2020-03-24,2021-08-20,94,40,2021-08-20
244702,2020-06-20,2022-02-04,1070,150,2022-02-04
236793,2020-04-06,2024-08-13,218,76,2024-08-13
95869,2021-09-06,2022-04-12,180,29,2022-04-12
266776,2022-02-11,2024-10-15,453,96,2024-10-15
212498,2021-09-07,2024-04-25,64,23,2024-04-25
50949,2019-01-05,2019-08-12,24,12,2019-08-12
228222,2020-01-24,2020-01-31,57,7,2020-01-31
214203,2019-01-02,2020-01-16,28,7,2020-01-16
224430,2019-11-19,2020-07-16,59,13,2020-07-16
77729,2019-01-07,2019-01-14,2,2,2019-01-14
230677,2020-01-09,2020-01-14,38,4,2020-01-14
236720,2020-03-19,2020-03-19,8,1,2020-03-19
278035,2022-03-03,2022-03-13,10,5,2022-03-13
224426,2019-08-21,2019-08-21,4,1,2019-08-21
224439,2019-08-22,2019-08-22,2,1,2019-08-22
144896,2019-01-01,2021-10-01,1359530,927,2021-10-01
50893,2019-01-01,2022-04-21,993,428,2022-04-21
196757,2019-01-02,2019-12-05,46398,209,2019-12-05
171719,2019-01-08,2021-07-20,2640,641,2021-07-20
212772,2019-01-03,2021-06-07,3811,295,2021-06-07
212548,2019-01-03,2020-02-05,5243,182,2020-02-05
171775,2019-01-01,2021-07-20,6068,827,2021-07-20
50734,2019-01-04,2022-04-28,22073,503,2022-04-28
50723,2019-01-01,2022-04-28,4013,930,2022-04-28
50730,2019-01-04,2022-04-21,7502,483,2022-04-21
50718,2019-01-04,2022-04-21,116424,672,2022-04-21
197110,2019-01-04,2022-02-01,23010,958,2022-02-01
197093,2019-01-04,2021-12-29,22020,871,2021-12-29
197094,2019-01-04,2021-12-29,21266,751,2021-12-29
51649,2019-01-04,2022-02-09,2063,599,2022-02-09
197216,2019-01-15,2021-12-13,20151,464,2021-12-13
197064,2019-01-15,2021-08-03,10417,393,2021-08-03
197072,2019-01-15,2021-12-13,20316,460,2021-12-13
197103,2019-01-15,2021-12-29,20547,495,2021-12-29
197194,2019-01-08,2022-01-27,20778,613,2022-01-27
50985,2019-01-04,2022-04-29,127088,441,2022-04-29
209721,2019-02-18,2021-07-22,289,83,2021-07-22
171481,2019-02-18,2021-07-20,251,50,2021-07-20
171487,2019-02-18,2021-07-20,163,47,2021-07-20
171508,2019-02-18,2021-01-24,239,47,2021-01-24
171433,2019-02-18,2021-07-20,173,46,2021-07-20
171451,2019-02-18,2021-07-20,251,48,2021-07-20
171457,2019-02-18,2021-07-20,199,42,2021-07-20
50686,2019-01-05,2021-12-21,5208,243,2021-12-21
50688,2019-01-04,2022-02-09,72462,502,2022-02-09
50850,2019-01-04,2022-01-10,2940,439,2022-01-10
171463,2019-02-18,2021-07-20,271,49,2021-07-20
171384,2019-02-18,2021-07-20,307,56,2021-07-20
171469,2019-02-18,2021-07-20,261,47,2021-07-20
50670,2019-01-04,2022-02-10,33398,615,2022-02-10
50654,2019-01-04,2022-02-10,156294,627,2022-02-10
50646,2019-01-04,2022-02-10,27788,490,2022-02-10
77684,2019-01-02,2022-03-02,22576,419,2022-03-02
171482,2019-01-08,2021-07-20,3005,676,2021-07-20
171535,2019-02-01,2021-07-20,2429,650,2021-07-20
77826,2019-02-05,2019-06-10,128,50,2019-06-10
90697,2019-01-22,2019-09-17,60,16,2019-09-17
90727,2019-01-22,2023-02-07,841,79,2023-02-07
214102,2019-01-02,2019-09-03,122,24,2019-09-03
214109,2019-01-02,2019-07-08,3334,24,2019-07-08
214223,2019-01-02,2020-05-25,910,301,2020-05-25
214227,2019-01-02,2020-05-21,352,82,2020-05-21
214257,2019-01-02,2020-05-21,335,79,2020-05-21
214258,2019-01-02,2022-10-17,410,111,2022-10-17
214262,2019-01-02,2019-08-08,132,18,2019-08-08
214263,2019-01-02,2019-08-08,104,18,2019-08-08
162802,2019-01-01,2023-09-20,692,198,2023-09-20
162842,2019-01-01,2022-08-12,820,218,2022-08-12
178250,2019-01-01,2019-12-02,700,196,2019-12-02
171803,2019-01-02,2021-07-20,2437,579,2021-07-20
179148,2019-01-20,2020-03-30,878,250,2020-03-30
2959,2019-01-08,2019-12-10,117,65,2019-12-10
3004,2019-01-11,2020-11-02,329,55,2020-11-02
3055,2019-01-11,2019-04-24,22,8,2019-04-24
93471,2019-01-05,2019-08-15,68,23,2019-08-15
94131,2019-01-05,2024-01-07,557,131,2024-01-07
95354,2019-01-05,2022-07-11,121,51,2022-07-11
95355,2019-01-05,2022-07-11,117,50,2022-07-11
95399,2019-01-05,2022-07-11,123,52,2022-07-11
95407,2019-01-05,2022-07-11,123,52,2022-07-11
95454,2019-01-05,2022-07-11,118,49,2022-07-11
95463,2019-01-05,2022-07-11,122,49,2022-07-11
96338,2019-01-05,2022-07-07,228,92,2022-07-07
96371,2019-01-05,2022-07-07,275,105,2022-07-07
98813,2019-01-05,2022-07-08,232,95,2022-07-08
51022,2019-02-11,2022-02-09,3260,829,2022-02-09
51005,2019-02-11,2022-02-09,2376,619,2022-02-09
51145,2019-02-11,2022-04-28,4115,914,2022-04-28
51114,2019-02-11,2022-04-28,3868,964,2022-04-28
51113,2019-02-11,2022-04-28,3900,965,2022-04-28
51059,2019-02-11,2022-01-31,3074,681,2022-01-31
51665,2019-02-11,2022-03-12,2504,620,2022-03-12
51060,2019-02-11,2022-01-31,3164,726,2022-01-31
51111,2019-02-11,2022-04-28,4019,964,2022-04-28
120211,2019-01-31,2022-03-15,145,69,2022-03-15
147629,2019-01-10,2022-03-15,160,44,2022-03-15
219878,2019-02-20,2019-08-30,714,28,2019-08-30
219879,2019-02-20,2019-07-17,502,20,2019-07-17
171700,2019-01-13,2021-07-20,292,54,2021-07-20
171704,2019-01-04,2021-07-20,302,56,2021-07-20
171712,2019-01-04,2021-07-20,323,56,2021-07-20
171728,2019-01-13,2021-07-20,245,50,2021-07-20
171738,2019-01-13,2021-07-20,254,54,2021-07-20
171774,2019-01-07,2021-07-20,243,51,2021-07-20
171782,2019-01-04,2021-07-20,337,64,2021-07-20
171792,2019-01-07,2021-07-20,332,60,2021-07-20
171796,2019-01-05,2021-07-20,305,61,2021-07-20
212303,2019-02-04,2024-04-18,202,78,2024-04-18
212723,2019-02-04,2024-10-25,205,83,2024-10-25
231844,2020-02-06,2023-05-10,2560,37,2023-05-10
231885,2020-02-06,2023-05-10,2612,36,2023-05-10
231990,2020-02-06,2023-05-10,3446,38,2023-05-10
231715,2020-02-06,2023-05-10,3924,29,2023-05-10
286916,2022-05-23,2023-05-12,56,19,2023-05-12
171509,2019-01-22,2021-07-20,5119,724,2021-07-20
171385,2019-01-02,2021-07-20,1658,496,2021-07-20
171763,2019-01-01,2021-07-20,2286,612,2021-07-20
146135,2019-01-01,2021-10-21,5323,963,2021-10-21
171721,2019-01-08,2021-07-20,1509,543,2021-07-20
50677,2019-01-05,2022-02-08,802,373,2022-02-08
171777,2019-01-07,2021-07-20,4887,774,2021-07-20
171769,2019-01-07,2021-07-20,1914,605,2021-07-20
115210,2019-01-06,2021-02-02,4084,630,2021-02-02
120139,2019-01-02,2022-04-04,5124,321,2022-04-04
214230,2019-01-02,2020-05-25,269,112,2020-05-25
171744,2019-01-13,2021-07-20,241,52,2021-07-20
171674,2019-01-05,2021-07-20,273,54,2021-07-20
171692,2019-01-13,2021-07-20,298,54,2021-07-20
50886,2019-01-05,2022-04-21,2530,542,2022-04-21
50684,2019-01-05,2022-02-10,253558,661,2022-02-10
50877,2019-01-05,2022-04-21,2023,371,2022-04-21
50838,2019-01-05,2022-02-04,5090,433,2022-02-04
193081,2019-01-03,2020-08-04,1580,124,2020-08-04
50855,2019-01-02,2022-02-05,934,367,2022-02-05
50834,2019-01-05,2022-02-10,3808,378,2022-02-10
216270,2019-01-01,2019-08-30,1471,55,2019-08-30
144894,2019-01-23,2021-09-27,334,82,2021-09-27
51683,2019-01-10,2022-04-15,1024,212,2022-04-15
51651,2019-02-11,2022-02-09,1086,204,2022-02-09
51050,2019-02-11,2022-02-10,937,174,2022-02-10
224450,2019-08-26,2020-07-23,895,65,2020-07-23
223572,2019-05-29,2021-07-16,253,66,2021-07-16
196795,2019-01-17,2019-12-09,2826,24,2019-12-09
224446,2019-09-04,2020-07-23,307,56,2020-07-23
50889,2019-01-05,2022-04-21,572,168,2022-04-21
50892,2019-01-05,2022-04-21,332,97,2022-04-21
224412,2019-11-19,2020-07-23,147,35,2020-07-23
224419,2019-08-21,2020-07-23,165,34,2020-07-23
143574,2019-08-21,2020-07-23,425,63,2020-07-23
231838,2020-02-13,2023-05-10,1739,35,2023-05-10
224422,2019-08-21,2020-07-23,56,16,2020-07-23
143572,2019-08-21,2023-11-22,2350,89,2023-11-22
228543,2020-03-24,2021-08-20,104,39,2021-08-20
247493,2020-10-16,2021-05-26,128,35,2021-05-26
95597,2021-09-08,2022-04-27,103,59,2022-04-27
212524,2021-09-07,2024-05-23,282,79,2024-05-23
50823,2019-01-05,2019-09-24,32,15,2019-09-24
229710,2019-12-23,2019-12-23,2,1,2019-12-23
230656,2020-01-09,2020-01-30,66,10,2020-01-30
230669,2020-01-09,2020-01-30,58,9,2020-01-30
214204,2019-01-02,2020-01-16,22,7,2020-01-16
2974,2019-01-02,2020-08-10,233363,432,2020-08-10
50813,2019-01-04,2022-04-29,1658,671,2022-04-29
2970,2019-01-02,2020-03-02,43219,264,2020-03-02
179227,2019-01-02,2020-03-30,904,344,2020-03-30
50728,2019-01-02,2022-04-29,96550,677,2022-04-29
171388,2019-01-07,2021-07-20,1267,463,2021-07-20
50738,2019-01-04,2022-04-27,28478,480,2022-04-27
94096,2019-01-05,2019-08-12,140,35,2019-08-12
2950,2019-01-02,2020-08-10,15747,272,2020-08-10
90701,2019-01-02,2021-09-01,6768,473,2021-09-01
51650,2019-01-04,2022-02-09,3417,892,2022-02-09
51048,2019-01-04,2022-02-10,3755,908,2022-02-10
50637,2019-01-04,2022-02-10,4988,1021,2022-02-10
197218,2019-01-15,2021-12-13,20145,464,2021-12-13
197056,2019-01-15,2019-10-30,404,115,2019-10-30
197059,2019-01-15,2019-10-30,404,115,2019-10-30
197060,2019-01-15,2019-10-30,404,115,2019-10-30
197071,2019-01-15,2021-12-13,20316,460,2021-12-13
197106,2019-01-15,2022-02-01,20425,486,2022-02-01
197107,2019-01-15,2021-12-29,22186,771,2021-12-29
197200,2019-01-05,2022-02-01,60166,971,2022-02-01
171402,2019-02-18,2021-07-20,210,47,2021-07-20
171514,2019-01-04,2021-07-20,306,62,2021-07-20
171430,2019-02-18,2021-07-20,172,46,2021-07-20
171528,2019-02-18,2021-07-20,207,48,2021-07-20
171436,2019-02-18,2021-07-20,243,54,2021-07-20
171534,2019-02-18,2021-07-20,282,52,2021-07-20
50706,2019-01-04,2020-08-02,24634,270,2020-08-02
50822,2019-01-04,2021-12-19,864,218,2021-12-19
77825,2019-01-02,2019-06-10,220,64,2019-06-10
50683,2019-01-01,2022-01-15,1073,459,2022-01-15
171396,2019-02-18,2021-07-20,169,49,2021-07-20
171379,2019-02-18,2021-07-20,302,63,2021-07-20
171747,2019-01-04,2021-07-20,775,298,2021-07-20
2951,2019-01-19,2020-08-10,152,53,2020-08-10
77823,2019-01-05,2019-06-10,452,31,2019-06-10
90712,2019-01-22,2020-08-12,101,31,2020-08-12
214264,2019-01-02,2019-08-08,95,18,2019-08-08
162762,2019-01-01,2022-07-20,545,160,2022-07-20
162810,2019-01-01,2024-06-13,706,209,2024-06-13
162871,2019-01-01,2023-09-07,861,224,2023-09-07
3008,2019-01-11,2021-05-26,488,104,2021-05-26
3047,2019-01-11,2020-01-17,190,53,2020-01-17
9358,2019-01-05,2021-07-22,595,231,2021-07-22
95345,2019-01-05,2022-07-11,123,52,2022-07-11
95404,2019-01-05,2022-07-11,123,52,2022-07-11
95408,2019-01-05,2022-07-11,123,52,2022-07-11
95462,2019-01-05,2022-07-11,122,49,2022-07-11
95468,2019-01-05,2022-07-11,124,49,2022-07-11
96218,2019-01-05,2022-07-08,217,89,2022-07-08
96219,2019-01-05,2022-07-08,217,89,2022-07-08
96221,2019-01-05,2022-07-08,219,89,2022-07-08
96222,2019-01-05,2022-07-08,219,89,2022-07-08
96223,2019-01-05,2022-07-08,219,89,2022-07-08
96239,2019-01-05,2022-07-08,217,89,2022-07-08
96240,2019-01-05,2022-07-08,217,89,2022-07-08
96243,2019-01-05,2022-07-08,217,89,2022-07-08
96431,2019-01-05,2022-07-08,217,89,2022-07-08
96448,2019-01-05,2022-07-08,217,89,2022-07-08
96479,2019-01-05,2022-07-07,235,93,2022-07-07
171779,2019-01-02,2021-07-20,2515,660,2021-07-20
120210,2019-01-10,2022-04-08,187,52,2022-04-08
171696,2019-01-13,2021-07-20,282,54,2021-07-20
171720,2019-01-13,2021-07-20,254,53,2021-07-20
171730,2019-01-13,2021-07-20,250,51,2021-07-20
171740,2019-01-04,2021-07-20,323,54,2021-07-20
171748,2019-01-13,2021-07-20,245,53,2021-07-20
171752,2019-01-07,2021-07-20,266,52,2021-07-20
171754,2019-01-07,2021-07-20,242,53,2021-07-20
171758,2019-01-07,2021-07-20,275,57,2021-07-20
171776,2019-01-07,2021-07-20,249,53,2021-07-20
171786,2019-01-07,2021-07-20,283,57,2021-07-20
171788,2019-01-04,2021-07-20,347,61,2021-07-20
157291,2019-01-09,2020-03-04,129,28,2020-03-04
143612,2019-01-09,2022-09-13,446,109,2022-09-13
212656,2019-02-04,2024-05-24,182,72,2024-05-24
231741,2020-02-06,2023-05-10,1854,31,2023-05-10
231762,2020-02-06,2023-05-10,2010,32,2023-05-10
231776,2020-02-06,2023-05-10,2286,32,2023-05-10
231787,2020-02-06,2023-05-10,2400,34,2023-05-10
231801,2020-02-06,2023-05-10,2550,34,2023-05-10
231937,2020-02-06,2023-05-10,3252,38,2023-05-10
231985,2020-02-06,2023-05-10,3524,39,2023-05-10
232007,2020-02-06,2023-05-10,3640,40,2023-05-10
231722,2020-02-06,2023-05-10,4004,30,2023-05-10
229347,2020-02-23,2020-03-23,90,17,2020-03-23
214231,2019-01-02,2020-05-25,335,125,2020-05-25
214233,2019-01-02,2020-05-25,322,125,2020-05-25
171671,2019-01-01,2019-05-28,352,74,2019-05-28
171673,2019-01-04,2021-07-20,5202,771,2021-07-20
2867,2019-01-04,2022-02-09,649,303,2022-02-09
171531,2019-02-18,2021-07-20,239,49,2021-07-20
171418,2019-02-18,2021-07-20,217,45,2021-07-20
50715,2019-01-01,2022-04-28,1568,596,2022-04-28
171784,2019-01-07,2021-07-20,306,58,2021-07-20
171811,2019-01-01,2021-07-20,1799,549,2021-07-20
50995,2019-01-03,2022-04-21,12551,289,2022-04-21
50655,2019-01-04,2022-02-09,658,205,2022-02-09
50679,2019-01-01,2022-02-06,605,317,2022-02-06
171656,2019-01-13,2021-07-20,300,67,2021-07-20
171664,2019-01-04,2021-07-20,220,51,2021-07-20
171672,2019-01-13,2021-07-20,406,55,2021-07-20
171686,2019-01-21,2021-07-20,227,47,2021-07-20
171690,2019-01-13,2021-07-20,270,50,2021-07-20
50707,2019-01-02,2020-08-04,1174,388,2020-08-04
50863,2019-01-01,2022-02-10,2991,612,2022-02-10
50843,2019-01-05,2022-02-10,11010,556,2022-02-10
50842,2019-01-05,2022-02-09,3882,466,2022-02-09
50852,2019-01-05,2022-02-05,378,154,2022-02-05
171677,2019-01-07,2021-07-20,4337,721,2021-07-20
50859,2019-01-05,2022-02-03,2015,249,2022-02-03
171800,2019-01-07,2021-07-20,375,64,2021-07-20
50649,2019-01-05,2022-01-28,422,194,2022-01-28
50830,2019-01-05,2022-02-10,3650,491,2022-02-10
50862,2019-01-05,2022-02-08,3076,422,2022-02-08
51661,2019-02-11,2022-04-26,1056,206,2022-04-26
51116,2019-02-11,2022-04-11,962,197,2022-04-11
51040,2019-02-11,2022-02-04,1014,183,2022-02-04
51654,2019-02-11,2022-02-10,951,189,2022-02-10
222048,2019-04-30,2021-07-16,248,75,2021-07-16
224434,2019-08-28,2023-11-21,2042,105,2023-11-21
224448,2019-09-04,2020-07-23,255,38,2020-07-23
224700,2019-09-23,2022-11-03,921,222,2022-11-03
50846,2019-01-05,2021-07-22,392,86,2021-07-22
50880,2019-01-05,2021-08-03,186,57,2021-08-03
50883,2019-01-05,2021-04-04,154,46,2021-04-04
224418,2019-08-21,2020-07-23,254,46,2020-07-23
224413,2019-11-19,2020-07-23,181,51,2020-07-23
227486,2019-12-02,2020-01-24,86,17,2020-01-24
230681,2020-01-09,2020-02-04,20,6,2020-02-04
224421,2019-08-21,2020-07-23,162,39,2020-07-23
228521,2020-03-24,2021-08-30,88,36,2021-08-30
228548,2020-03-24,2021-08-20,96,35,2021-08-20
228581,2020-03-24,2021-08-20,116,49,2021-08-20
263426,2021-11-10,2022-04-29,288,32,2022-04-29
245474,2021-09-07,2024-05-23,502,178,2024-05-23
95596,2021-09-07,2022-04-27,2995,80,2022-04-27
263425,2021-11-09,2022-04-21,312,48,2022-04-21
277897,2022-06-01,2023-07-05,56,16,2023-07-05
50950,2019-01-05,2019-08-12,28,12,2019-08-12
230655,2020-01-09,2020-01-30,109,10,2020-01-30
230659,2020-01-09,2020-01-14,18,4,2020-01-14
230663,2020-01-09,2020-01-14,19,4,2020-01-14
230688,2020-01-09,2020-01-14,19,4,2020-01-14
196769,2019-01-01,2019-12-05,23351,182,2019-12-05
212689,2019-01-03,2020-02-05,7212,138,2020-02-05
50746,2019-01-04,2022-04-29,279028,840,2022-04-29
144870,2019-01-09,2021-09-13,1352,361,2021-09-13
50885,2019-01-05,2022-04-21,713,372,2022-04-21
50736,2019-01-05,2022-04-21,25866,528,2022-04-21
50732,2019-01-04,2021-08-03,5124,317,2021-08-03
50867,2019-01-05,2022-04-27,20874,565,2022-04-27
50866,2019-01-05,2022-04-29,14502,705,2022-04-29
51065,2019-01-04,2022-04-26,2608,714,2022-04-26
197076,2019-01-04,2022-01-28,22022,897,2022-01-28
197079,2019-01-04,2022-01-28,22190,923,2022-01-28
3093,2019-01-02,2024-11-11,28899,1494,2024-11-11
197073,2019-01-04,2022-01-27,21726,822,2022-01-27
51027,2019-01-04,2022-02-10,3964,909,2022-02-10
51026,2019-01-04,2022-02-10,3481,908,2022-02-10
179224,2019-01-02,2020-03-30,810,335,2020-03-30
9331,2019-01-07,2022-02-07,325,173,2022-02-07
197055,2019-01-15,2020-06-19,406,116,2020-06-19
197062,2019-01-15,2019-10-30,404,115,2019-10-30
197066,2019-01-15,2021-08-03,10429,394,2021-08-03
197067,2019-01-15,2022-02-01,22008,774,2022-02-01
197069,2019-01-04,2022-02-01,21110,635,2022-02-01
197075,2019-01-13,2021-12-21,20811,493,2021-12-21
197077,2019-01-15,2022-02-01,20438,477,2022-02-01
197078,2019-01-15,2022-01-27,20464,487,2022-01-27
197082,2019-01-15,2022-02-01,20473,475,2022-02-01
197195,2019-01-08,2022-01-26,20825,609,2022-01-26
50810,2019-01-04,2022-04-29,23638,609,2022-04-29
171484,2019-02-18,2021-07-20,197,50,2021-07-20
171502,2019-02-18,2021-07-20,201,53,2021-07-20
171505,2019-02-18,2021-07-20,189,50,2021-07-20
171421,2019-02-18,2021-07-20,239,54,2021-07-20
171427,2019-01-14,2021-07-20,205,51,2021-07-20
171521,2019-02-18,2021-07-20,189,47,2021-07-20
50710,2019-01-04,2022-02-10,40734,490,2022-02-10
50849,2019-01-04,2022-01-12,5746,524,2022-01-12
50664,2019-01-04,2022-01-26,69212,464,2022-01-26
50656,2019-01-05,2022-01-28,47200,405,2022-01-28
2991,2019-01-04,2022-02-07,7464,562,2022-02-07
77666,2019-01-02,2019-06-11,6673,65,2019-06-11
77760,2019-01-02,2023-02-07,6330,306,2023-02-07
214110,2019-01-02,2020-05-21,3853,30,2020-05-21
214226,2019-01-02,2020-05-21,366,84,2020-05-21
214273,2019-01-02,2020-03-19,520,25,2020-03-19
162758,2019-01-01,2022-07-18,893,230,2022-07-18
162851,2019-01-01,2022-08-19,752,210,2022-08-19
178255,2019-01-01,2019-12-02,713,193,2019-12-02
178262,2019-01-01,2022-08-19,1098,287,2022-08-19
178265,2019-01-01,2019-11-07,1222,182,2019-11-07
213457,2019-02-08,2019-11-19,831,224,2019-11-19
3049,2019-01-11,2019-09-01,50,13,2019-09-01
3066,2019-01-11,2020-01-17,170,49,2020-01-17
179377,2019-01-20,2020-03-30,934,251,2020-03-30
95342,2019-01-05,2022-07-11,129,55,2022-07-11
95466,2019-01-05,2022-07-11,124,49,2022-07-11
95499,2019-01-05,2022-07-11,122,49,2022-07-11
96340,2019-01-05,2022-07-07,228,92,2022-07-07
96435,2019-01-05,2022-07-08,217,89,2022-07-08
96444,2019-01-05,2022-07-08,217,89,2022-07-08
51023,2019-02-11,2022-02-09,3153,827,2022-02-09
51659,2019-02-11,2022-02-04,3918,921,2022-02-04
51006,2019-02-11,2022-02-09,2292,591,2022-02-09
135214,2019-01-01,2024-02-28,1362,354,2024-02-28
120140,2019-01-06,2022-03-22,148,80,2022-03-22
120197,2019-01-02,2022-03-15,231,150,2022-03-15
120208,2019-01-10,2022-03-15,204,43,2022-03-15
120213,2019-01-10,2022-04-08,208,60,2022-04-08
120218,2019-01-10,2022-03-15,317,45,2022-03-15
120223,2019-01-10,2022-04-08,198,44,2022-04-08
146999,2019-01-01,2022-03-22,152,77,2022-03-22
147627,2019-01-10,2022-03-15,162,45,2022-03-15
171716,2019-01-13,2021-07-20,473,54,2021-07-20
171732,2019-01-13,2021-07-20,278,56,2021-07-20
171742,2019-01-13,2021-07-20,233,50,2021-07-20
171764,2019-01-07,2021-07-20,288,58,2021-07-20
171794,2019-01-04,2021-07-20,458,68,2021-07-20
143549,2019-01-09,2020-07-28,121,34,2020-07-28
157304,2019-01-09,2020-07-29,123,34,2020-07-29
147009,2019-01-09,2020-07-30,98,32,2020-07-30
157313,2019-01-11,2019-07-12,63,9,2019-07-12
157318,2019-01-09,2020-09-14,171,29,2020-09-14
212316,2019-02-04,2020-07-27,150,36,2020-07-27
212317,2019-02-04,2022-03-17,149,59,2022-03-17
212346,2019-02-04,2022-03-14,158,59,2022-03-14
212691,2019-02-04,2022-03-16,146,61,2022-03-16
212722,2019-02-04,2024-10-25,199,82,2024-10-25
231770,2020-02-06,2023-05-10,2150,32,2023-05-10
231825,2020-02-06,2023-05-10,2556,35,2023-05-10
231852,2020-02-06,2023-05-10,2602,37,2023-05-10
231873,2020-02-06,2023-05-10,2654,37,2023-05-10
231919,2020-02-06,2023-05-10,3090,40,2023-05-10
231907,2020-02-06,2023-05-10,2996,38,2023-05-10
231946,2020-02-06,2023-05-10,3374,38,2023-05-10
231966,2020-02-06,2023-05-10,3402,38,2023-05-10
287888,2022-05-23,2023-06-23,49,18,2023-06-23
286965,2022-05-23,2023-08-18,112,30,2023-08-18
286966,2022-05-23,2023-08-16,100,27,2023-08-16
196766,2019-01-01,2019-12-09,28260,215,2019-12-09
171710,2019-01-04,2021-07-20,298,56,2021-07-20
171724,2019-01-14,2021-07-20,258,52,2021-07-20
171737,2019-01-07,2021-07-20,1313,433,2021-07-20
197096,2019-01-04,2021-12-29,21510,763,2021-12-29
50826,2019-01-05,2021-12-09,624,306,2021-12-09
171813,2019-01-01,2021-07-20,3040,635,2021-07-20
50974,2019-01-01,2022-02-08,14662,941,2022-02-08
50697,2019-01-01,2022-02-08,1996,631,2022-02-08
50731,2019-01-05,2022-04-29,3543,743,2022-04-29
50975,2019-01-05,2022-02-01,21873,483,2022-02-01
50981,2019-01-01,2022-02-07,203972,355,2022-02-07
50979,2019-01-05,2022-02-09,25614,314,2022-02-09
196794,2019-01-17,2019-12-09,15949,125,2019-12-09
212690,2019-02-04,2022-03-16,182,69,2022-03-16
120141,2019-01-02,2022-04-08,2274,316,2022-04-08
214235,2019-01-02,2020-05-25,298,115,2020-05-25
171670,2019-01-25,2019-05-05,41,8,2019-05-05
171684,2019-01-13,2021-07-20,243,52,2021-07-20
50832,2019-01-03,2022-02-04,1588,467,2022-02-04
2972,2019-01-11,2019-12-10,5307,194,2019-12-10
143509,2019-01-09,2022-11-03,813,129,2022-11-03
50647,2019-01-05,2022-02-09,547,269,2022-02-09
50703,2019-01-05,2022-02-08,2181,641,2022-02-08
50729,2019-01-01,2022-04-29,4724,848,2022-04-29
50879,2019-01-04,2022-04-29,2875,701,2022-04-29
50890,2019-01-05,2022-04-29,2629,554,2022-04-29
50841,2019-01-05,2022-02-10,3722,343,2022-02-10
50857,2019-01-05,2020-11-19,144,42,2020-11-19
82817,2019-01-05,2020-11-19,144,42,2020-11-19
171707,2019-01-03,2021-07-20,916,377,2021-07-20
143522,2019-01-14,2020-01-22,420,123,2020-01-22
144899,2019-01-23,2021-10-12,625,75,2021-10-12
144867,2019-01-23,2021-06-25,185,60,2021-06-25
51700,2019-01-10,2022-03-24,1154,197,2022-03-24
51674,2019-02-11,2022-04-29,26237,539,2022-04-29
224443,2019-08-28,2020-07-23,530,73,2020-07-23
224445,2019-08-27,2020-07-23,455,71,2020-07-23
196693,2019-12-12,2023-08-21,4603,518,2023-08-21
50870,2019-01-05,2022-04-21,297,75,2022-04-21
50871,2019-01-05,2022-04-21,286,73,2022-04-21
50888,2019-01-05,2022-04-21,622,176,2022-04-21
224414,2019-11-19,2020-07-23,300,62,2020-07-23
144827,2019-01-23,2024-09-10,287,97,2024-09-10
232152,2020-02-12,2022-02-10,54482,427,2022-02-10
224428,2019-08-21,2020-07-10,107,15,2020-07-10
228478,2020-03-24,2021-08-30,86,32,2021-08-30
228586,2020-03-24,2021-08-20,88,37,2021-08-20
228599,2020-03-24,2021-08-20,92,37,2021-08-20
251572,2021-01-24,2021-07-16,52,18,2021-07-16
212523,2021-09-07,2021-11-02,12,5,2021-11-02
230672,2020-01-09,2020-01-30,53,7,2020-01-30
214205,2019-01-02,2020-01-16,22,7,2020-01-16
230661,2020-01-09,2020-01-14,18,4,2020-01-14
230675,2020-01-09,2020-01-14,19,4,2020-01-14
115704,2021-08-09,2021-08-09,1,1,2021-08-09
93421,2019-01-05,2019-01-08,5,2,2019-01-08
196758,2019-01-01,2019-12-09,53247,317,2019-12-09
50653,2019-01-01,2020-01-28,527,111,2020-01-28
171729,2019-01-01,2021-07-20,3023,673,2021-07-20
50887,2019-01-04,2022-04-21,1944,520,2022-04-21
143550,2019-01-09,2022-10-02,564,114,2022-10-02
51696,2019-01-04,2022-04-28,3347,988,2022-04-28
51656,2019-01-04,2022-02-09,2665,723,2022-02-09
9332,2019-01-01,2020-06-16,158,101,2020-06-16
135186,2019-01-01,2023-12-14,7526,1449,2023-12-14
179169,2019-01-02,2020-04-06,1007,399,2020-04-06
197217,2019-01-15,2021-12-13,20143,464,2021-12-13
197058,2019-01-15,2019-10-30,404,115,2019-10-30
197081,2019-01-15,2022-02-01,20554,473,2022-02-01
197089,2019-01-15,2022-01-27,21896,771,2022-01-27
197199,2019-01-15,2022-01-27,20618,500,2022-01-27
197208,2019-01-15,2021-12-29,22303,776,2021-12-29
2900,2019-01-02,2021-06-04,18334,412,2021-06-04
171503,2019-01-16,2021-07-20,2897,667,2021-07-20
50694,2019-01-04,2021-12-19,49466,409,2021-12-19
50690,2019-01-04,2022-02-09,67892,523,2022-02-09
171393,2019-02-04,2021-07-20,185,47,2021-07-20
171458,2019-02-04,2021-07-20,1798,558,2021-07-20
77822,2019-01-22,2019-06-10,158,18,2019-06-10
90689,2019-01-22,2021-01-02,123,41,2021-01-02
214097,2019-01-02,2020-05-25,104,21,2020-05-25
214207,2019-01-02,2020-01-29,83,16,2020-01-29
214228,2019-01-02,2020-05-21,352,82,2020-05-21
214252,2019-01-02,2020-05-25,895,295,2020-05-25
214256,2019-01-02,2020-05-21,333,78,2020-05-21
214261,2019-01-02,2019-09-18,142,19,2019-09-18
214268,2019-01-02,2019-08-08,78,18,2019-08-08
162817,2019-01-01,2024-06-05,794,229,2024-06-05
213456,2019-01-19,2019-11-13,1135,226,2019-11-13
179380,2019-01-20,2020-04-06,909,256,2020-04-06
2981,2019-01-08,2020-08-10,115,59,2020-08-10
94012,2019-01-05,2020-06-08,460,53,2020-06-08
95333,2019-01-05,2022-07-11,239,60,2022-07-11
95337,2019-01-05,2022-07-11,131,56,2022-07-11
95394,2019-01-05,2022-07-11,123,52,2022-07-11
95395,2019-01-05,2022-07-11,123,52,2022-07-11
95470,2019-01-05,2022-07-11,127,49,2022-07-11
95493,2019-01-05,2022-07-11,124,49,2022-07-11
95497,2019-01-05,2022-07-11,122,49,2022-07-11
96333,2019-01-05,2022-07-07,234,93,2022-07-07
96432,2019-01-05,2022-07-08,217,89,2022-07-08
96433,2019-01-05,2022-07-08,217,89,2022-07-08
96440,2019-01-05,2022-07-08,217,89,2022-07-08
193082,2019-01-05,2020-07-29,206,50,2020-07-29
51004,2019-02-11,2022-02-09,2230,565,2022-02-09
171705,2019-01-04,2021-07-20,1483,567,2021-07-20
120212,2019-01-10,2022-04-08,194,47,2022-04-08
171708,2019-01-13,2021-07-20,239,51,2021-07-20
171756,2019-01-07,2021-07-20,261,54,2021-07-20
171766,2019-01-07,2021-07-20,267,53,2021-07-20
171772,2019-01-07,2021-07-20,243,56,2021-07-20
171804,2019-01-07,2021-07-20,418,58,2021-07-20
171808,2019-01-07,2021-07-20,299,62,2021-07-20
143507,2019-01-09,2019-08-26,51,10,2019-08-26
143628,2019-01-09,2020-07-29,104,32,2020-07-29
212220,2019-02-04,2022-03-25,128,54,2022-03-25
212315,2019-02-04,2020-07-27,86,35,2020-07-27
212558,2019-02-04,2024-09-02,190,78,2024-09-02
229317,2020-01-24,2020-03-02,227,29,2020-03-02
230710,2020-01-30,2020-02-05,28,7,2020-02-05
231753,2020-02-06,2023-05-10,1946,33,2023-05-10
231746,2020-02-06,2023-05-10,1886,32,2023-05-10
287004,2022-05-23,2023-07-21,95,26,2023-07-21
143502,2019-01-09,2023-02-11,622,112,2023-02-11
171697,2019-01-03,2021-02-19,9997,558,2021-02-19
171711,2019-01-01,2021-07-20,3554,556,2021-07-20
171759,2019-01-01,2021-07-20,2391,688,2021-07-20
144900,2019-01-03,2021-10-06,3220,346,2021-10-06
196776,2019-01-01,2019-12-05,28344,258,2019-12-05
120168,2019-01-01,2022-04-07,892,480,2022-04-07
50882,2019-01-01,2021-12-09,2949,723,2021-12-09
214137,2019-01-29,2020-03-05,934,81,2020-03-05
171661,2019-01-04,2021-07-20,3482,739,2021-07-20
115399,2019-02-07,2020-11-06,171,56,2020-11-06
214237,2019-01-02,2020-05-25,419,146,2020-05-25
171662,2019-01-13,2021-07-20,234,51,2021-07-20
171668,2019-01-25,2021-07-20,346,54,2021-07-20
171698,2019-01-13,2021-07-20,291,55,2021-07-20
157315,2019-01-10,2023-11-24,2789,267,2023-11-24
50848,2019-01-05,2022-02-01,745,304,2022-02-01
50714,2019-01-04,2022-04-29,73526,706,2022-04-29
2971,2019-01-19,2020-03-02,498,151,2020-03-02
50951,2019-01-01,2019-08-14,351,137,2019-08-14
50878,2019-01-05,2022-04-21,787,183,2022-04-21
120268,2019-01-31,2021-02-02,696,359,2021-02-02
50865,2019-01-05,2022-04-21,3921,323,2022-04-21
50673,2019-01-03,2022-02-02,727,362,2022-02-02
143500,2019-01-09,2020-07-28,184,42,2020-07-28
171733,2019-01-08,2021-07-20,545,221,2021-07-20
144895,2019-01-05,2021-09-27,1920,302,2021-09-27
50831,2019-01-05,2022-02-10,3644,491,2022-02-10
51681,2019-01-10,2022-03-24,1038,201,2022-03-24
50741,2019-01-01,2022-04-29,487,240,2022-04-29
51687,2019-02-11,2021-06-15,135,32,2021-06-15
51049,2019-02-11,2022-02-10,1130,177,2022-02-10
50669,2019-01-05,2022-02-01,596,310,2022-02-01
222495,2019-05-13,2021-07-16,171,58,2021-07-16
50851,2019-01-05,2022-02-03,3598,288,2022-02-03
224436,2019-08-26,2023-11-21,1109,82,2023-11-21
50847,2019-01-05,2020-12-10,168,48,2020-12-10
50881,2019-01-05,2021-08-03,196,58,2021-08-03
224451,2019-09-06,2020-07-16,74,18,2020-07-16
224452,2019-09-06,2020-07-16,69,18,2020-07-16
228184,2019-12-20,2022-02-07,16660,255,2022-02-07
144843,2019-01-23,2022-03-28,208,76,2022-03-28
224411,2019-11-19,2023-11-21,2074,78,2023-11-21
224425,2019-08-21,2020-07-10,111,17,2020-07-10
228466,2020-03-24,2021-08-30,164,55,2021-08-30
236772,2020-04-09,2022-10-19,45,12,2022-10-19
50997,2021-09-06,2022-04-29,590,110,2022-04-29
50818,2021-09-08,2022-04-29,17408,126,2022-04-29
288094,2022-05-21,2024-10-30,139,12,2024-10-30
277895,2022-06-01,2023-07-05,38,15,2023-07-05
319100,2024-04-26,2024-07-17,84,29,2024-07-17
319099,2024-04-26,2024-07-17,104,22,2024-07-17
230668,2020-01-09,2020-01-30,59,9,2020-01-30
230679,2020-01-09,2020-01-14,59,4,2020-01-14
278036,2022-03-03,2022-03-13,10,5,2022-03-13
