n,n_positive,roc_auc,avg_precision,precision_at_recall_0.5,recall_at_precision_0.7,precision_top_0.1pct,recall_top_0.1pct,precision_top_0.5pct,recall_top_0.5pct,precision_top_1pct,recall_top_1pct,precision_top_2pct,recall_top_2pct,precision_top_5pct,recall_top_5pct,n_days,daily_precision_top_0.1pct,daily_recall_top_0.1pct,daily_precision_top_0.5pct,daily_recall_top_0.5pct,daily_precision_top_1pct,daily_recall_top_1pct,daily_precision_top_2pct,daily_recall_top_2pct,daily_precision_top_5pct,daily_recall_top_5pct,model,split,variant
241600,23913,0.6679,0.1796,0.1761,,0.0,0.0,0.1159,0.0059,0.3142,0.0317,0.3073,0.0621,0.2487,0.1256,366,0.1753,0.0028,0.2531,0.011,0.2677,0.025,0.263,0.0511,0.215,0.107,logistic_regression,valid,with_2021_storm
504113,50433,0.7177,0.3143,0.2308,0.0194,0.7937,0.0079,0.6869,0.0343,0.6604,0.066,0.6018,0.1203,0.4937,0.2467,546,0.2783,0.0034,0.3603,0.0161,0.3784,0.0358,0.3832,0.0746,0.3268,0.1616,logistic_regression,test,with_2021_storm
241600,23913,0.6288,0.2187,0.1592,0.029,0.6722,0.0068,0.6829,0.0345,0.5861,0.0592,0.4669,0.0943,0.3184,0.1608,366,0.2397,0.0039,0.3295,0.0143,0.3183,0.0297,0.3127,0.0607,0.258,0.1284,hist_gradient_boosting,valid,with_2021_storm
504113,50433,0.598,0.2251,0.1425,0.0061,0.6567,0.0066,0.654,0.0327,0.6306,0.063,0.5039,0.1007,0.3787,0.1893,546,0.3592,0.0044,0.4253,0.019,0.4226,0.04,0.388,0.0755,0.3278,0.1622,hist_gradient_boosting,test,with_2021_storm
241600,23913,0.6464,0.2456,0.1792,0.0702,0.5768,0.0058,0.755,0.0381,0.6978,0.0705,0.5433,0.1098,0.3546,0.1791,366,0.2448,0.004,0.3498,0.0151,0.3577,0.0334,0.3478,0.0675,0.2847,0.1417,catboost,valid,with_2021_storm
504113,50433,0.6308,0.2634,0.1674,0.0037,0.5278,0.0053,0.6905,0.0345,0.6761,0.0676,0.6023,0.1204,0.427,0.2134,546,0.377,0.0046,0.4551,0.0203,0.4581,0.0433,0.4255,0.0828,0.3369,0.1666,catboost,test,with_2021_storm
241600,23913,0.654,0.1707,0.1715,,0.0,0.0,0.1523,0.0077,0.3419,0.0345,0.3454,0.0698,0.2398,0.1211,366,0.1753,0.0028,0.2493,0.0108,0.2654,0.0248,0.2617,0.0508,0.2119,0.1055,logistic_regression,valid,without_2021_storm
504113,50433,0.7109,0.2917,0.2062,0.0347,0.7917,0.0079,0.6984,0.0349,0.6439,0.0644,0.6008,0.1201,0.4612,0.2305,546,0.2848,0.0035,0.3706,0.0165,0.3843,0.0363,0.3856,0.075,0.3254,0.1609,logistic_regression,test,without_2021_storm
241600,23913,0.6432,0.2458,0.1783,0.068,0.6515,0.0066,0.7748,0.0391,0.6863,0.0693,0.5089,0.1028,0.3439,0.1737,366,0.2758,0.0045,0.3565,0.0154,0.3541,0.0331,0.3353,0.0651,0.2751,0.1369,hist_gradient_boosting,valid,without_2021_storm
504113,50433,0.6204,0.24,0.1513,0.0014,0.5992,0.006,0.6758,0.0338,0.6491,0.0649,0.5382,0.1076,0.3902,0.195,546,0.39,0.0048,0.4462,0.0199,0.4358,0.0412,0.4021,0.0782,0.3365,0.1664,hist_gradient_boosting,test,without_2021_storm
241600,23913,0.6236,0.2303,0.1587,0.0529,0.7925,0.008,0.7649,0.0386,0.632,0.0639,0.4971,0.1004,0.3265,0.1649,366,0.2474,0.004,0.3594,0.0156,0.3478,0.0325,0.3379,0.0656,0.2723,0.1355,catboost,valid,without_2021_storm
504113,50433,0.6342,0.2666,0.1674,0.072,0.6706,0.0067,0.6956,0.0348,0.7005,0.07,0.5952,0.119,0.4201,0.2099,546,0.3754,0.0046,0.4689,0.0209,0.4518,0.0427,0.4176,0.0813,0.3437,0.17,catboost,test,without_2021_storm
