sensor_type,prev_state,state,n,n_channels,median_dt_s
9-секционный люк,Неопределен,Норма,154,9,11.5
9-секционный люк,Норма,Неопределен,150,9,230435.0
9-секционный люк,Не замкнут,Норма,73,9,14.0
9-секционный люк,Норма,Не замкнут,73,9,75921.0
Газовый датчик,Норма,Неопределен,399464,529,2012.0
Газовый датчик,Неопределен,Норма,397921,528,4.0
Газовый датчик,Норма,Неисправен,46351,290,0.0
Газовый датчик,Неисправен,Норма,46219,299,1.0
Газовый датчик,Обнаружен газ,Норма,17645,529,31.0
Газовый датчик,Норма,Обнаружен газ,16075,529,232.0
Газовый датчик,Выключен,Норма,3535,453,66492.0
Газовый датчик,Норма,Выключен,2994,503,1624768.0
Газовый датчик,Неопределен,Неисправен,2375,250,39.0
Газовый датчик,Неисправен,Неопределен,2317,235,466.0
Газовый датчик,Неопределен,Выключен,1850,341,3487.0
Газовый датчик,Выключен,Обнаружен газ,1714,503,878776.0
Газовый датчик,Неисправен,Выключен,220,183,5936.0
Газовый датчик,Обнаружен газ,Неопределен,83,43,471.0
Газовый датчик,Отключено устройство,Норма,79,38,52.0
Газовый датчик,Норма,Отключено устройство,75,40,365.0
Газовый датчик,Обнаружен газ,Выключен,57,38,5604.0
Газовый датчик,Неопределен,Отключено устройство,39,18,9.0
Газовый датчик,Отключено устройство,Неопределен,32,17,199.0
Газовый датчик,Обнаружен газ,Неисправен,20,13,127.0
Датчик движения,Неопределен,Норма,129652,804,32.0
Датчик движения,Норма,Неопределен,129206,804,720.0
Датчик движения,Не замкнут,Норма,99039,4,4.0
Датчик движения,Норма,Не замкнут,99037,4,12.0
Датчик движения,Норма,Неисправен,1692,120,32.0
Датчик движения,Неисправен,Норма,1682,130,22.0
Датчик движения,Отключено устройство,Норма,1137,68,0.0
Датчик движения,Норма,Отключено устройство,1113,70,2.0
Датчик движения,Выключен,Норма,505,226,12.0
Датчик движения,Неопределен,Выключен,258,140,1214.0
Датчик движения,Норма,Выключен,217,119,442982.0
Датчик движения,Неопределен,Неисправен,97,53,1060.0
Датчик движения,Неисправен,Неопределен,66,30,3990.0
Датчик движения,Неисправен,Отключено устройство,32,8,8.0
Датчик движения,Неисправен,Выключен,22,17,384.0
Датчик дыма,Неисправен,Норма,1156303,2832,82.0
Датчик дыма,Норма,Неисправен,1154693,2597,42.0
Датчик дыма,Неопределен,Норма,622310,4337,262.0
Датчик дыма,Норма,Неопределен,538931,4334,51172.0
Датчик дыма,Обнаружен дым,Дыма нет,149363,4321,164.0
Датчик дыма,Дыма нет,Обнаружен дым,85693,4003,64.0
Датчик дыма,Норма,Обнаружен дым,75454,4337,962693.5
Датчик дыма,Дыма нет,Неопределен,68840,4337,617428.0
Датчик дыма,Норма,Дыма нет,15643,2851,0.0
Датчик дыма,Неисправен,Неопределен,10907,1466,1409.0
Датчик дыма,Обнаружен дым,Неисправен,7380,1427,160.0
Датчик дыма,Обнаружен дым,Неопределен,5670,1141,1027.5
Датчик дыма,Дыма нет,Неисправен,5165,1497,192.0
Датчик дыма,Дыма нет,Норма,2840,1548,1549385.0
Датчик дыма,Выключен,Норма,2820,1206,67.0
Датчик дыма,Отключено устройство,Неопределен,1843,872,2346.0
Датчик дыма,Отключено устройство,Норма,1684,1169,432.0
Датчик дыма,Неопределен,Обнаружен дым,1640,823,47655.5
Датчик дыма,Неопределен,Выключен,1574,846,3618.0
Датчик дыма,Норма,Отключено устройство,1559,1005,1899.0
Датчик дыма,Неопределен,Отключено устройство,1054,653,484.0
Датчик дыма,Обнаружен дым,Норма,1048,379,14.0
Датчик дыма,Неопределен,Неисправен,890,436,35.0
Датчик дыма,Дыма нет,Отключено устройство,626,529,3617997.5
Датчик дыма,Неисправен,Выключен,549,366,383.0
Датчик дыма,Норма,Выключен,408,255,770.0
Датчик дыма,Отключено устройство,Выключен,258,155,205.0
Датчик дыма,Норма,Не замкнут,238,8,6.0
Датчик дыма,Неисправен,Отключено устройство,232,200,6140.0
Датчик дыма,Обнаружен дым,Отключено устройство,228,170,62.0
Датчик дыма,Не замкнут,Норма,222,4,16.0
Датчик дыма,Дыма нет,Выключен,213,189,2874.0
Датчик дыма,Неисправен,Обнаружен дым,160,93,27.0
Датчик дыма,Неопределен,Дыма нет,135,105,34.0
Датчик дыма,Выключен,Обнаружен дым,123,105,72150.0
Датчик дыма,Выключен,Дыма нет,103,86,663.0
Датчик дыма,Обнаружен дым,Выключен,97,83,193.0
Датчик дыма,Отключено устройство,Обнаружен дым,63,47,24.0
Датчик дыма,Неисправен,Дыма нет,58,48,53.5
Датчик дыма,Выключен,Отключено устройство,35,34,5.0
Датчик дыма,Отключено устройство,Дыма нет,21,19,10.0
Датчик затопления,Не замкнут,Норма,3721,25,2.0
Датчик затопления,Норма,Не замкнут,3705,25,2.0
Датчик затопления,Неопределен,Норма,2369,25,121.0
Датчик затопления,Норма,Неопределен,2369,25,65474.0
Датчик температуры,Неопределен,Норма,108537,600,35.0
Датчик температуры,Норма,Неопределен,101967,600,600.0
Датчик температуры,Неисправен,Норма,40355,41,2.0
Датчик температуры,Норма,Неисправен,40201,28,64.0
Датчик температуры,Температура ниже 3ºC,В норме от +3 до +40,7789,339,4.0
Датчик температуры,Не определено,В норме от +3 до +40,6964,389,16.0
Датчик температуры,В норме от +3 до +40,Температура ниже 3ºC,5692,291,1898.0
Датчик температуры,В норме от +3 до +40,Неопределен,5220,569,513620.5
Датчик температуры,В норме от +3 до +40,Не определено,5081,367,72.0
Датчик температуры,Норма,Не определено,3269,395,1263.0
Датчик температуры,Норма,Температура ниже 3ºC,2377,354,326872.0
Датчик температуры,Норма,В норме от +3 до +40,1650,318,68917.0
Датчик температуры,Не определено,Неопределен,1283,208,204700.0
Датчик температуры,Не определено,Температура ниже 3ºC,1135,47,4.0
Датчик температуры,Температура ниже 3ºC,Не определено,1051,28,5.0
Датчик температуры,Температура выше 40ºC,В норме от +3 до +40,883,78,4.0
Датчик температуры,В норме от +3 до +40,Температура выше 40ºC,774,35,5.0
Датчик температуры,В норме от +3 до +40,Норма,720,332,24.0
Датчик температуры,Не определено,Температура выше 40ºC,602,21,8.0
Датчик температуры,Температура выше 40ºC,Не определено,569,13,11.0
Датчик температуры,Температура ниже 3ºC,Неопределен,437,160,9252.0
Датчик температуры,Неопределен,В норме от +3 до +40,398,136,686.0
Датчик температуры,Температура ниже 3ºC,Температура выше 40ºC,396,14,5.0
Датчик температуры,Температура выше 40ºC,Температура ниже 3ºC,378,20,7.0
Датчик температуры,Выключен,Норма,325,157,11.0
Датчик температуры,Неопределен,Температура ниже 3ºC,280,136,952.5
Датчик температуры,Температура ниже 3ºC,Норма,184,91,16.0
Датчик температуры,Неопределен,Выключен,182,114,625.0
Датчик температуры,Норма,Температура выше 40ºC,130,73,13.5
Датчик температуры,Норма,Выключен,130,74,711.5
Датчик температуры,Отключено устройство,Норма,122,62,1557.0
Датчик температуры,В норме от +3 до +40,Неисправен,93,18,70.0
Датчик температуры,Норма,Отключено устройство,91,50,1748.0
Датчик температуры,Температура выше 40ºC,Неопределен,68,21,22.0
Датчик температуры,Неопределен,Не определено,63,55,70.0
Датчик температуры,Не определено,Норма,40,28,76.0
Датчик температуры,Температура ниже 3ºC,Неисправен,35,15,10.0
Датчик температуры,Неопределен,Неисправен,30,18,1070.0
Датчик температуры,Неопределен,Температура выше 40ºC,27,24,65.0
Датчик температуры,Температура ниже 3ºC,Отключено устройство,25,22,84418.0
Датчик температуры,Движения нет,Неопределен,23,23,1025784.0
Датчик температуры,В норме от +3 до +40,Выключен,22,15,51.0
Датчик температуры,Норма,Движения нет,21,21,341753.0
ИБП,Неопределен,Норма,34559,80,3.0
ИБП,Норма,Неопределен,31939,80,1149.0
ИБП,Питание от батарей,Питание от сети,19735,79,2.0
ИБП,Питание от сети,Питание от батарей,17150,80,2960.0
ИБП,Норма,Питание от батарей,2727,79,266419.0
ИБП,Батарея неисправна,Питание от сети,2549,26,9.0
ИБП,Питание от сети,Батарея неисправна,2490,24,10.0
ИБП,Питание от сети,Неопределен,2379,79,254889.0
ИБП,Неисправен,Норма,1588,52,21.0
ИБП,Норма,Неисправен,1520,50,21.0
ИБП,Норма,Питание от сети,422,59,0.0
ИБП,Неисправен,Неопределен,305,42,1173.0
ИБП,Питание от сети,Норма,300,50,7248.0
ИБП,Выключен,Норма,277,40,6.0
ИБП,Питание от батарей,Неопределен,210,41,200.5
ИБП,Питание от сети,Неисправен,197,35,67752.0
ИБП,Питание от сети,Выключен,187,7,221.0
ИБП,Питание от батарей,Батарея разряжена,177,26,2.0
ИБП,Выключен,Питание от батарей,173,5,6073.0
ИБП,Неопределен,Выключен,119,31,635.0
ИБП,Неопределен,Питание от батарей,108,42,1753.0
ИБП,Батарея разряжена,Батарея неисправна,108,23,8.0
ИБП,Питание от батарей,Неисправен,106,29,1.0
ИБП,Неопределен,Неисправен,102,32,204.5
ИБП,Норма,Выключен,86,14,38102.5
ИБП,Батарея разряжена,Питание от батарей,84,16,4.0
ИБП,Норма,Батарея неисправна,71,17,4930.0
ИБП,Неисправен,Выключен,51,20,1312.0
ИБП,Питание от батарей,Норма,46,18,16.0
ИБП,Батарея неисправна,Неопределен,45,13,542.0
ИБП,Неопределен,Питание от сети,39,17,115.0
ИБП,Батарея неисправна,Батарея разряжена,39,13,4.0
ИБП,Батарея неисправна,Неисправен,20,9,10.0
КД АВ,Не замкнут,Норма,237542,397,22.0
КД АВ,Норма,Не замкнут,237477,397,671.0
КД АВ,Неопределен,Норма,66741,397,38.0
КД АВ,Норма,Неопределен,66694,397,3868.5
КД АВ,Не замкнут,Неопределен,889,194,50.0
КД АВ,Неисправен,Норма,888,98,6.0
КД АВ,Неопределен,Не замкнут,812,252,24182.5
КД АВ,Норма,Неисправен,803,83,6.0
КД АВ,Отключено устройство,Норма,384,51,0.0
КД АВ,Норма,Отключено устройство,372,48,51.0
КД АВ,Выключен,Норма,289,142,17.0
КД АВ,Неопределен,Выключен,165,85,1271.0
КД АВ,Норма,Выключен,142,81,1629.0
КД АВ,Выключен,Не замкнут,80,43,934.0
КД АВ,Не замкнут,Неисправен,67,33,76.0
КД АВ,Не замкнут,Выключен,55,37,86.0
КД АВ,Неопределен,Неисправен,38,23,3828.5
КД Дверь,Норма,Не замкнут,2203137,916,235.0
КД Дверь,Не замкнут,Норма,2200632,916,7.0
КД Дверь,Неопределен,Норма,146775,917,36.0
КД Дверь,Норма,Неопределен,143873,917,897.0
КД Дверь,Не замкнут,Неопределен,5800,636,507.5
КД Дверь,Неопределен,Не замкнут,2789,593,124.0
КД Дверь,Выключен,Норма,435,227,17.0
КД Дверь,Неисправен,Норма,352,81,12.0
КД Дверь,Норма,Неисправен,281,46,20.0
КД Дверь,Неопределен,Выключен,236,142,614.0
КД Дверь,Отключено устройство,Норма,189,102,440.0
КД Дверь,Норма,Выключен,188,115,1665.0
КД Дверь,Норма,Отключено устройство,183,105,4902.0
КД Дверь,Неопределен,Неисправен,55,45,3998.0
КД Дверь,Не замкнут,Выключен,51,32,2785.0
КД Дверь,Выключен,Не замкнут,50,36,2053953.0
КД Дверь,Не замкнут,Отключено устройство,37,32,4851.0
КД Дверь,Не замкнут,Неисправен,21,11,24.0
КД Люк,Неопределен,Норма,13864,55,50.0
КД Люк,Норма,Неопределен,13790,55,170.0
КД Люк,Норма,Не замкнут,3540,55,479431.0
КД Люк,Не замкнут,Норма,3491,55,13.0
КД Люк,Не замкнут,Неопределен,170,25,11.0
КД Люк,Неисправен,Норма,110,8,45.0
КД Люк,Норма,Неисправен,110,8,16.0
КД Люк,Неопределен,Не замкнут,75,33,9.0
КД Люк,Выключен,Норма,47,30,10.0
КД Люк,Неопределен,Выключен,31,20,306.0
КД Люк,Отключено устройство,Норма,29,8,0.0
КД Люк,Норма,Отключено устройство,26,9,50102.5
Переключатель,Включен,Выключен,766383,801,3098.0
Переключатель,Выключен,Включен,746635,801,64133.0
Переключатель,Неопределен,Норма,624751,784,9.0
Переключатель,Норма,Неопределен,580154,750,786.0
Переключатель,Норма,Включен,32884,697,37361.5
Переключатель,Выключен,Неопределен,32409,673,20775.0
Переключатель,Норма,Выключен,13935,708,5148.0
Переключатель,Включен,Неопределен,13316,660,8607.5
Переключатель,Выключен,Норма,1288,450,37.0
Переключатель,Неопределен,Включен,978,380,33346.5
Переключатель,Включен,Норма,848,325,3911.5
Переключатель,Неопределен,Выключен,475,269,5672.0
Переключатель,Отключено устройство,Норма,381,155,222.0
Переключатель,Норма,Отключено устройство,290,136,409.5
Переключатель,Неопределен,Отключено устройство,107,88,746.0
Переключатель,Отключено устройство,Неопределен,93,66,138.0
Переключатель,Выключен,Отключено устройство,44,36,3283.0
Переключатель,Включен,Отключено устройство,38,36,4639.5
Ручной извещатель,Неисправен,Норма,10248,99,3.0
Ручной извещатель,Норма,Неисправен,10200,98,0.0
Ручной извещатель,Неопределен,Норма,9229,130,121.0
Ручной извещатель,Норма,Неопределен,9009,130,8743.0
Ручной извещатель,Норма,Не замкнут,2232,130,349180.0
Ручной извещатель,Не замкнут,Норма,2144,130,7.0
Ручной извещатель,Неопределен,Неисправен,289,48,67.0
Ручной извещатель,Неисправен,Неопределен,237,41,633.0
Ручной извещатель,Рычаг сдернут,Рычаг норма,178,8,5.0
Ручной извещатель,Отключено устройство,Неопределен,150,89,582513.0
Ручной извещатель,Не замкнут,Неопределен,145,57,22.0
Ручной извещатель,Рычаг норма,Неопределен,119,8,3246.0
Ручной извещатель,Норма,Рычаг сдернут,100,8,3153029.0
Ручной извещатель,Норма,Отключено устройство,95,70,7308.0
Ручной извещатель,Неопределен,Отключено устройство,70,67,1850.0
Ручной извещатель,Рычаг норма,Рычаг сдернут,65,8,6468.0
Ручной извещатель,Неисправен,Отключено устройство,57,29,5617.0
Ручной извещатель,Неопределен,Не замкнут,55,23,22.0
Ручной извещатель,Отключено устройство,Норма,40,32,62696.5
Ручной извещатель,Движения нет,Обнаружено движение,39,1,4.0
Ручной извещатель,Обнаружено движение,Движения нет,39,1,4.0
Ручной извещатель,Отключено устройство,Неисправен,33,17,63792.0
Ручной извещатель,Выключен,Норма,32,10,17.5
Ручной извещатель,Неопределен,Выключен,26,8,275.5
Состояние УИР-Р,Неопределен,Норма,2218488,762,4.0
Состояние УИР-Р,Норма,Неопределен,2209223,762,14.0
Состояние УИР-Р,Норма,Разговор,94966,735,0.0
Состояние УИР-Р,Вызов,Норма,86315,657,3.0
Состояние УИР-Р,Разговор,Вызов,85257,503,2.0
Состояние УИР-Р,Рычаг сдернут,Рычаг норма,39165,762,4.0
Состояние УИР-Р,Рычаг норма,Рычаг сдернут,21621,758,177.0
Состояние УИР-Р,Разговор,Норма,20227,717,6.0
Состояние УИР-Р,Норма,Рычаг сдернут,17643,742,1023541.0
Состояние УИР-Р,Рычаг норма,Неопределен,11998,756,731097.0
Состояние УИР-Р,Вызов,Разговор,5556,491,5.0
Состояние УИР-Р,Норма,Вызов,5080,514,61.0
Состояние УИР-Р,Рычаг норма,Разговор,4145,708,85414.0
Состояние УИР-Р,Выключен,Норма,2690,370,11.0
Состояние УИР-Р,Неопределен,Выключен,2197,359,1220.0
Состояние УИР-Р,Норма,Рычаг норма,1919,484,10.0
Состояние УИР-Р,Рычаг норма,Норма,1636,382,2548.5
Состояние УИР-Р,Рычаг норма,Вызов,1600,408,455.0
Состояние УИР-Р,Норма,Не замкнут,1320,34,4231136.0
Состояние УИР-Р,Не замкнут,Норма,1305,34,22.0
Состояние УИР-Р,Рычаг сдернут,Разговор,1274,409,13.0
Состояние УИР-Р,Неопределен,Рычаг сдернут,1020,298,19068.0
Состояние УИР-Р,Разговор,Рычаг сдернут,795,153,0.0
Состояние УИР-Р,Норма,Выключен,594,179,8053.5
Состояние УИР-Р,Неопределен,Разговор,510,189,97306.0
Состояние УИР-Р,Вызов,Неопределен,437,179,626.0
Состояние УИР-Р,Рычаг сдернут,Неопределен,403,206,78.0
Состояние УИР-Р,Отключено устройство,Норма,351,174,362.0
Состояние УИР-Р,Рычаг сдернут,Норма,265,158,4.0
Состояние УИР-Р,Неопределен,Отключено устройство,247,127,4097.0
Состояние УИР-Р,Неопределен,Вызов,216,110,19503.5
Состояние УИР-Р,Рычаг сдернут,Вызов,212,126,8.0
Состояние УИР-Р,Разговор,Рычаг норма,161,98,0.0
Состояние УИР-Р,Норма,Отключено устройство,158,123,84.5
Состояние УИР-Р,Отключено устройство,Выключен,138,114,62.0
Состояние УИР-Р,Выключен,Отключено устройство,115,97,65.0
Состояние УИР-Р,Разговор,Неопределен,113,72,21.0
Состояние УИР-Р,Выключен,Рычаг сдернут,69,62,2591954.0
Состояние УИР-Р,Неопределен,Рычаг норма,69,50,13.0
Состояние УИР-Р,Неисправен,Неопределен,63,36,110.0
Состояние УИР-Р,Выключен,Неопределен,47,41,69715.0
Состояние УИР-Р,Выключен,Вызов,44,38,1039490.5
Состояние УИР-Р,Вызов,Рычаг сдернут,44,34,2.0
Состояние УИР-Р,Норма,Неисправен,44,31,55029.0
Состояние УИР-Р,Рычаг норма,Отключено устройство,41,41,5981523.0
Состояние УИР-Р,Вызов,Рычаг норма,40,28,1.0
Состояние УИР-Р,Неопределен,Неисправен,35,24,1380.0
Состояние УИР-Р,Неисправен,Норма,27,24,22.0
Состояние вентилятора,Включен,Выключен,547861,354,2045.0
Состояние вентилятора,Выключен,Включен,527180,354,75311.0
Состояние вентилятора,Неопределен,Норма,278801,345,11.0
Состояние вентилятора,Норма,Неопределен,252976,317,710.0
Состояние вентилятора,Норма,Выключен,78468,347,0.0
Состояние вентилятора,Неисправен,Обесточен,77540,235,0.0
Состояние вентилятора,Обесточен,Норма,76844,235,12.0
Состояние вентилятора,Выключен,Неисправен,73441,235,65.0
Состояние вентилятора,Выключен,Неопределен,24297,345,18675.0
Состояние вентилятора,Норма,Включен,24212,351,32032.5
Состояние вентилятора,Обесточен,Выключен,5217,97,0.0
Состояние вентилятора,Выключен,Обесточен,5144,56,3.0
Состояние вентилятора,Включен,Неопределен,2499,249,1014.0
Состояние вентилятора,Норма,Неисправен,1979,203,88740.0
Состояние вентилятора,Включен,Неисправен,1458,161,18.0
Состояние вентилятора,Неопределен,Неисправен,1426,180,390.0
Состояние вентилятора,Выключен,Норма,1225,311,8.0
Состояние вентилятора,Неисправен,Неопределен,711,66,1070.0
Состояние вентилятора,Неопределен,Включен,605,231,40798.0
Состояние вентилятора,Неисправен,Норма,385,151,798.0
Состояние вентилятора,Обесточен,Неопределен,329,118,841.0
Состояние вентилятора,Включен,Норма,303,122,2598.0
Состояние вентилятора,Обесточен,Неисправен,239,118,8.0
Состояние вентилятора,Отключено устройство,Норма,188,65,160.0
Состояние вентилятора,Норма,Отключено устройство,131,61,406.0
Состояние вентилятора,Неопределен,Выключен,108,67,1544.0
Состояние вентилятора,Обесточен,Включен,59,42,7043.0
Состояние вентилятора,Неопределен,Отключено устройство,55,32,482.0
Состояние вентилятора,Отключено устройство,Неопределен,51,36,168.0
Состояние вентилятора,Выключен,Отключено устройство,44,34,682.5
Состояние насоса,Выключен,Включен,478629,180,2862.0
Состояние насоса,Включен,Выключен,447156,180,91.0
Состояние насоса,Неопределен,Норма,194892,179,4.0
Состояние насоса,Норма,Неопределен,183394,168,918.0
Состояние насоса,Норма,Выключен,105738,180,0.0
Состояние насоса,Выключен,Неисправен,99075,180,111.0
Состояние насоса,Обесточен,Норма,85206,179,23.0
Состояние насоса,Работают все насосы в АНС,Выключен,55448,50,35.0
Состояние насоса,Включен,Работают все насосы в АНС,55429,51,1.0
Состояние насоса,Неисправен,Обесточен,54863,148,0.0
Состояние насоса,Неисправен,Затоплен,53267,178,0.0
Состояние насоса,Затоплен,Обесточен,40471,150,0.0
Состояние насоса,Затоплен,Норма,20974,162,2.0
Состояние насоса,Выключен,Работают все насосы в АНС,13884,49,174.5
Состояние насоса,Норма,Включен,13783,179,1436.0
Состояние насоса,Работают все насосы в АНС,Включен,13359,48,29.0
Состояние насоса,Выключен,Неопределен,11114,179,17170.0
Состояние насоса,Обесточен,Затоплен,8450,153,0.0
Состояние насоса,Выключен,Норма,5202,172,5666.5
Состояние насоса,Норма,Неисправен,4428,176,157132.0
Состояние насоса,Включен,Неисправен,2486,156,7.0
Состояние насоса,Неопределен,Неисправен,1808,162,190.0
Состояние насоса,Обесточен,Выключен,979,87,3.0
Состояние насоса,Выключен,Обесточен,912,82,10.0
Состояние насоса,Обесточен,Неопределен,905,113,1137.0
Состояние насоса,Работают все насосы в АНС,Норма,770,34,64.0
Состояние насоса,Включен,Неопределен,714,40,209.5
Состояние насоса,Отключено устройство,Норма,631,43,32307.0
Состояние насоса,Норма,Работают все насосы в АНС,610,36,8209.5
Состояние насоса,Затоплен,Выключен,549,41,4.0
Состояние насоса,Работают все насосы в АНС,Неисправен,502,48,91.5
Состояние насоса,Выключен,Отключено устройство,499,26,1654.0
Состояние насоса,Выключен,Затоплен,484,54,3.5
Состояние насоса,Неисправен,Неопределен,396,26,884.5
Состояние насоса,Обесточен,Неисправен,329,126,0.0
Состояние насоса,Обесточен,Работают все насосы в АНС,323,31,46.0
Состояние насоса,Неисправен,Норма,295,99,52.0
Состояние насоса,Работают все насосы в АНС,Неопределен,220,25,328.5
Состояние насоса,Неопределен,Включен,146,64,20405.5
Состояние насоса,Включен,Норма,144,59,20.0
Состояние насоса,Норма,Отключено устройство,143,28,3373.0
Состояние насоса,Затоплен,Неопределен,129,29,888.0
Состояние насоса,Затоплен,Неисправен,83,52,0.0
Состояние насоса,Неопределен,Выключен,72,38,341.0
Состояние насоса,Отключено устройство,Неисправен,68,18,318.5
Состояние насоса,Обесточен,Включен,61,32,13.0
Состояние насоса,Включен,Отключено устройство,51,9,33.0
Состояние насоса,Включен,Затоплен,46,8,370.5
Состояние насоса,Затоплен,Работают все насосы в АНС,39,15,11.0
Состояние насоса,Затоплен,Включен,26,15,12.0
Состояние насоса,Неопределен,Отключено устройство,21,13,745.0
Состояние охраны,На охране,01.01.1970 03:00:01,20969,29,0.0
Состояние охраны,Снято с охраны,01.01.1970 03:00:00,20954,29,0.0
Состояние охраны,01.01.1970 03:00:00,На охране,20598,29,29070.5
Состояние охраны,01.01.1970 03:00:01,Снято с охраны,20527,29,43275.0
Состояние охраны,01.01.1970 03:00:01,На охране,19265,29,0.0
Состояние охраны,01.01.1970 03:00:00,Снято с охраны,19250,29,0.0
Состояние охраны,На охране,01.01.1970 03:00:00,18931,29,42580.0
Состояние охраны,Снято с охраны,01.01.1970 03:00:01,18812,29,28434.5
Состояние охраны,Снято с охраны,На охране,14828,44,27393.5
Состояние охраны,На охране,Снято с охраны,14763,43,44663.0
Состояние охраны,Неопределен,Много неисправных устройств,8106,47,0.0
Состояние охраны,Норма,Устройства на объекте исправны,8003,47,0.0
Состояние охраны,Много неисправных устройств,Норма,7596,47,192.0
Состояние охраны,Устройства на объекте исправны,Неопределен,4092,47,1626.0
Состояние охраны,На охране,Неопределен,1276,47,39997.0
Состояние охраны,Устройства на объекте исправны,Снято с охраны,1262,46,51718.0
Состояние охраны,Снято с охраны,Неопределен,1055,47,13245.0
Состояние охраны,Устройства на объекте исправны,На охране,1023,47,12533.0
Состояние охраны,Устройства на объекте исправны,01.01.1970 03:00:01,338,29,11698.0
Состояние охраны,01.01.1970 03:00:01,Неопределен,312,29,52276.5
Состояние охраны,01.01.1970 03:00:00,Неопределен,271,26,13636.0
Состояние охраны,Много неисправных устройств,Неопределен,227,34,147.0
Состояние охраны,Устройства на объекте исправны,01.01.1970 03:00:00,211,29,62447.0
Состояние охраны,Устройства на объекте исправны,Норма,211,38,392.0
Состояние охраны,Снято с охраны,Норма,82,27,977.0
Состояние охраны,Много неисправных устройств,Снято с охраны,69,25,15715.0
Состояние охраны,Много неисправных устройств,На охране,67,25,11297.0
Состояние охраны,На охране,Норма,66,30,183.5
Состояние охраны,Снято с охраны,Устройства на объекте исправны,58,30,0.0
Состояние охраны,01.01.1970 03:00:01,01.01.1970 03:00:00,57,26,57411.0
Состояние охраны,Норма,Снято с охраны,49,28,0.0
Состояние охраны,01.01.1970 03:00:00,01.01.1970 03:00:01,40,22,29682.0
Состояние охраны,На охране,Устройства на объекте исправны,35,21,0.0
Состояние охраны,Много неисправных устройств,Устройства на объекте исправны,27,3,104.0
Состояние охраны,Норма,На охране,23,15,0.0
Состояние охраны,01.01.1970 03:00:00,Норма,23,13,0.0
Состояние охраны,Много неисправных устройств,01.01.1970 03:00:00,22,13,1849.5
Состояние фазы,Есть питание,Обесточен,1031616,925,451.0
Состояние фазы,Обесточен,Есть питание,1028964,927,25.0
Состояние фазы,Неопределен,Норма,806088,929,4.0
Состояние фазы,Норма,Неопределен,762930,886,933.0
Состояние фазы,Норма,Есть питание,33318,876,41585.5
Состояние фазы,Норма,Обесточен,30944,886,850.0
Состояние фазы,Неисправен,Норма,24594,294,4.0
Состояние фазы,Обесточен,Неопределен,24585,749,63300.0
Состояние фазы,Есть питание,Неопределен,19491,837,11502.0
Состояние фазы,Есть питание,Неисправен,10844,232,141.0
Состояние фазы,Обесточен,Неисправен,8208,257,0.0
Состояние фазы,Норма,Неисправен,5583,264,10.0
Состояние фазы,Обесточен,Норма,996,429,20336.0
Состояние фазы,Есть питание,Норма,984,463,9436.5
Состояние фазы,Включен,Выключен,855,4,3646.0
Состояние фазы,Выключен,Включен,695,4,74143.0
Состояние фазы,Неопределен,Неисправен,627,92,140.0
Состояние фазы,Неисправен,Неопределен,598,83,585.5
Состояние фазы,Неопределен,Есть питание,594,362,95843.5
Состояние фазы,Отключено устройство,Норма,535,195,227.0
Состояние фазы,Неопределен,Обесточен,525,340,14355.0
Состояние фазы,Норма,Отключено устройство,452,200,450.0
Состояние фазы,Выключен,Норма,270,160,10.0
Состояние фазы,Неопределен,Выключен,192,140,1416.0
Состояние фазы,Норма,Включен,156,4,35514.5
Состояние фазы,Выключен,Неопределен,153,4,35969.0
Состояние фазы,Отключено устройство,Неопределен,126,94,358.5
Состояние фазы,Неопределен,Отключено устройство,123,88,482.0
Состояние фазы,Норма,Выключен,80,33,4909.0
Состояние фазы,Неисправен,Есть питание,50,38,5.0
Состояние фазы,Неисправен,Обесточен,48,37,6.0
Состояние фазы,Есть питание,Отключено устройство,47,44,8434.0
Состояние фазы,Выключен,Обесточен,42,17,11608.5
Состояние фазы,Неисправен,Отключено устройство,34,26,459.0
Состояние фазы,Обесточен,Отключено устройство,27,23,20851.0
Состояние фазы,Неисправен,Выключен,23,19,477.0
Состояние фазы,Выключен,Есть питание,22,15,381892.5
Состояние фазы,Отключено устройство,Неисправен,21,12,79.0
Стекло,Не замкнут,Норма,10355,29,4.0
Стекло,Норма,Не замкнут,10339,29,10590.0
Стекло,Неопределен,Норма,4194,29,19.0
Стекло,Норма,Неопределен,4170,29,1249.5
Стекло,Не замкнут,Неопределен,149,24,17.0
Стекло,Норма,Выключен,117,6,22653.0
Стекло,Неопределен,Не замкнут,108,24,20.5
Стекло,Выключен,Норма,103,7,2235.0
Стекло,Выключен,Не замкнут,42,6,2303.5
Стекло,Неопределен,Выключен,27,6,595.0
Тепловой датчик,Неопределен,Норма,244339,472,8.0
Тепловой датчик,Норма,Неопределен,243977,472,44.0
Тепловой датчик,Норма,Не замкнут,3112,353,11.0
Тепловой датчик,Не замкнут,Норма,3095,337,6.0
Тепловой датчик,Не замкнут,Неопределен,597,244,30.0
Тепловой датчик,Неопределен,Не замкнут,580,280,31.0
Тепловой датчик,Выключен,Норма,146,69,8.0
Тепловой датчик,Неопределен,Выключен,111,50,241.0
Тепловой датчик,Норма,Выключен,37,34,1442.0
Тепловой датчик,Неисправен,Норма,20,7,171.0
