sensor_type,state,n_channels_of_type,n_events,n_channels_with_events,n_episodes,n_channels_with_episodes,episodes_per_channel_median,top10pct_channels_share,first_year,last_year,yearly_counts,median_duration_min,p25_duration_min,p75_duration_min,single_tick_fraction,recurring_le_24h,recurring_le_7d,median_inter_episode_h,base_rate_24h,base_rate_72h,alarm_flag_rate
9-секционный люк,Норма,9,252,9,176,9,21.0,0.14204545454545456,2025,2026,2025:93;2026:83,0.0,0.0,0.0,0.7613636363636364,0.1590909090909091,0.5454545454545454,105.0988888888889,0.41832669322709165,0.5179282868525896,0.0
9-секционный люк,Неопределен,9,159,9,145,9,18.0,0.1310344827586207,2025,2026,2025:90;2026:55,0.0,0.0,0.0,0.9172413793103448,0.16551724137931034,0.593103448275862,81.81833333333333,0.23705179282868527,0.40836653386454186,0.0
9-секционный люк,Не замкнут,9,73,9,38,9,4.0,0.18421052631578946,2025,2026,2025:9;2026:29,0.19166666666666668,0.0,4.866666666666666,0.5,0.0,0.13157894736842105,289.74333333333334,0.027888446215139442,0.05179282868525897,1.0
Газовый датчик,Норма,529,469929,529,50973,529,61.0,0.40851038785239246,2019,2026,2019:6691;2020:7310;2021:6032;2022:6353;2023:7286;2024:6416;2025:6622;2026:4263,0.0,0.0,125.5,0.6072626684715438,0.18902163890687226,0.5863888725403645,100.7188888888889,0.22991,0.422615,0.0
Газовый датчик,Неопределен,529,404033,529,42408,529,48.0,0.4633323901150726,2019,2026,2019:5806;2020:6399;2021:5110;2022:5001;2023:5846;2024:5109;2025:5354;2026:3783,0.0,0.0,163.18333333333334,0.6159686851537446,0.20031597811733634,0.5729815129220902,99.6825,0.26168,0.474035,0.0
Газовый датчик,Неисправен,529,49031,401,1144,401,2.0,0.3041958041958042,2019,2026,2019:65;2020:201;2021:116;2022:127;2023:70;2024:113;2025:275;2026:177,0.0,0.0,4.145833333333334,0.6284965034965035,0.04807692307692308,0.1346153846153846,4966.221388888889,0.00351,0.005265,0.8901715241377903
Газовый датчик,Обнаружен газ,529,17820,529,8810,529,15.0,0.25312145289443816,2019,2026,2019:892;2020:926;2021:1180;2022:1342;2023:1382;2024:1321;2025:1259;2026:508,0.0,0.0,0.0,0.828149829738933,0.04767309875141884,0.41691259931895575,332.10055555555556,0.0271,0.06557,0.5661616161616162
Газовый датчик,Выключен,529,5731,503,5067,503,8.0,0.2468916518650089,2019,2025,2019:1099;2020:1259;2021:444;2022:557;2023:733;2024:555;2025:420,0.0,0.0,0.0,0.9072429445431222,0.026248273139925005,0.11900532859680284,3545.342083333333,0.02024,0.03168,0.0
Газовый датчик,Отключено устройство,529,127,56,73,56,1.0,0.2465753424657534,2019,2026,2019:6;2020:2;2021:14;2022:7;2023:3;2024:8;2025:15;2026:18,0.0,0.0,13.7,0.6712328767123288,0.0684931506849315,0.0821917808219178,2383.7991666666667,0.00384,0.006925,0.889763779527559
Датчик движения,Норма,804,235461,804,49688,804,57.0,0.27839719851875705,2019,2026,2019:9639;2020:11708;2021:6546;2022:3960;2023:3414;2024:3516;2025:6736;2026:4169,0.0,0.0,11.816666666666666,0.6780912896473997,0.13526404765738206,0.4266422476251811,241.02930555555557,0.51991,0.65177,0.0
Датчик движения,Неопределен,804,132939,804,48575,804,56.0,0.2691919711785898,2019,2026,2019:9050;2020:11394;2021:6439;2022:3980;2023:3354;2024:3531;2025:6738;2026:4089,0.0,0.0,10.15,0.6924549665465775,0.1341224909933093,0.41943386515697373,261.4586111111111,0.11791,0.224765,0.0
Датчик движения,Не замкнут,804,99389,4,909,4,138.5,0.6842684268426843,2019,2022,2019:543;2020:296;2021:68;2022:2,391.23333333333335,57.15,525.2333333333333,0.025302530253025302,0.5236523652365237,0.9856985698569857,23.9575,0.340995,0.40883,0.0019821106963547274
Датчик движения,Неисправен,804,1816,133,305,133,1.0,0.3639344262295082,2019,2026,2019:7;2020:30;2021:41;2022:47;2023:50;2024:38;2025:71;2026:21,0.0,0.0,36.43333333333333,0.5245901639344263,0.12786885245901639,0.2459016393442623,442.3611111111111,0.004765,0.005755,0.6530837004405287
Датчик движения,Отключено устройство,804,1158,78,95,78,1.0,0.2,2020,2026,2020:2;2021:7;2022:1;2023:3;2024:7;2025:24;2026:51,0.0,0.0,31.708333333333332,0.5894736842105263,0.021052631578947368,0.06315789473684211,2310.8,0.002365,0.00273,0.30569948186528495
Датчик движения,Выключен,804,699,227,410,227,1.0,0.2780487804878049,2019,2025,2019:88;2020:95;2021:55;2022:33;2023:33;2024:61;2025:45,0.0,0.0,0.06666666666666667,0.6926829268292682,0.05121951219512195,0.13658536585365855,1634.773888888889,0.00442,0.00567,0.0
Датчик дыма,Норма,4337,1808800,4337,386115,4337,56.0,0.2893593877471738,2019,2026,2019:7474;2020:96109;2021:37923;2022:43239;2023:48533;2024:23551;2025:67017;2026:62269,0.0,0.0,0.0,0.7489193634020952,0.13521619206713026,0.5904432617225438,97.27027777777778,0.18307,0.277295,0.0
Датчик дыма,Неисправен,4337,1169182,2844,18238,2844,4.0,0.3684066235332822,2019,2026,2019:367;2020:2369;2021:2565;2022:3773;2023:2247;2024:2342;2025:2934;2026:1641,0.0,0.0,25.583333333333336,0.5566399824542164,0.13290931023138502,0.2498080929926527,1511.828611111111,0.020115,0.03456,0.9620042046490623
Датчик дыма,Неопределен,4337,645664,4337,378495,4337,52.0,0.29626547246330864,2019,2026,2019:7220;2020:98177;2021:36511;2022:41254;2023:46500;2024:22326;2025:65039;2026:61468,0.0,0.0,0.0,0.7606362039128655,0.139209236581725,0.5954319079512279,96.7275,0.13121,0.288865,0.0
Датчик дыма,Дыма нет,4337,165823,4337,102691,4337,24.0,0.18753347420903488,2019,2026,2019:2709;2020:6389;2021:9618;2022:20026;2023:20774;2024:18008;2025:16351;2026:8816,0.0,0.0,0.0,0.8476302694491241,0.017090105267258085,0.07620921015473606,1680.1091666666666,0.05595,0.07633,0.0
Датчик дыма,Обнаружен дым,4337,164288,4337,101310,4337,24.0,0.19013917678412792,2019,2026,2019:2709;2020:6301;2021:9189;2022:19838;2023:20746;2024:18006;2025:15738;2026:8783,0.0,0.0,0.0,0.847872865462442,0.0136018162076794,0.0663211923798243,1681.266111111111,0.02567,0.04654,0.25828423256719907
Датчик дыма,Отключено устройство,4337,3966,1805,3275,1805,2.0,0.2366412213740458,2019,2026,2019:23;2020:636;2021:74;2022:357;2023:66;2024:143;2025:191;2026:1785,0.0,0.0,0.0,0.8311450381679389,0.06992366412213741,0.27603053435114505,77.86083333333333,0.0161,0.026765,0.864851235501765
Датчик дыма,Выключен,4337,3634,1279,2846,1279,2.0,0.2431482782853127,2019,2026,2019:65;2020:1240;2021:112;2022:158;2023:504;2024:336;2025:430;2026:1,0.0,0.0,0.0,0.8552354181307098,0.20590302178496134,0.23893183415319746,963.6675,0.00443,0.00614,0.0
Датчик дыма,Не замкнут,4337,248,8,58,8,1.5,0.5862068965517241,2019,2026,2019:10;2020:12;2021:1;2022:8;2023:6;2024:11;2025:7;2026:3,0.3666666666666667,0.0,22.716666666666665,0.4827586206896552,0.034482758620689655,0.1724137931034483,1271.9373611111112,5e-05,0.00011,0.14919354838709678
Датчик затопления,Норма,25,6206,25,2065,25,60.0,0.3501210653753027,2019,2026,2019:225;2020:338;2021:106;2022:283;2023:280;2024:210;2025:367;2026:256,0.0,0.0,0.6666666666666666,0.6799031476997579,0.13171912832929783,0.46537530266343824,192.9427777777778,0.2525756600128783,0.5641500321957501,0.0
Датчик затопления,Не замкнут,25,3732,25,672,25,23.0,0.21726190476190477,2019,2026,2019:47;2020:56;2021:45;2022:119;2023:129;2024:117;2025:100;2026:59,0.0,0.0,0.08333333333333333,0.6666666666666666,0.011904761904761904,0.07142857142857142,1607.7783333333334,0.017466194462330973,0.05835479716677398,0.9983922829581994
Датчик затопления,Неопределен,25,2462,25,1496,25,39.0,0.42780748663101603,2019,2026,2019:191;2020:284;2021:71;2022:182;2023:166;2024:113;2025:281;2026:208,0.0,0.0,4.145833333333333,0.7379679144385026,0.1590909090909091,0.5300802139037433,135.10111111111112,0.12733419188667097,0.4554893754024469,0.0
Датчик температуры,Норма,600,152266,600,41543,600,64.0,0.25684230797005514,2019,2026,2019:8997;2020:9662;2021:5085;2022:3294;2023:2898;2024:2630;2025:5517;2026:3460,0.0,0.0,9.633333333333333,0.6867101557422429,0.1291192258623595,0.4188671978431986,260.15194444444444,0.22235,0.309895,0.0
Датчик температуры,Неопределен,600,111534,600,41239,600,63.0,0.25803244501564054,2019,2026,2019:8876;2020:9663;2021:5084;2022:3294;2023:2884;2024:2611;2025:5511;2026:3316,0.0,0.0,12.266666666666667,0.6837459686219356,0.13584228521545139,0.4231188923106768,252.52555555555554,0.120905,0.231685,0.0
Датчик температуры,Неисправен,600,40388,43,83,43,1.0,0.30120481927710846,2019,2026,2019:2;2020:8;2021:14;2022:2;2023:23;2024:14;2025:14;2026:6,0.0,0.0,27.916666666666664,0.5301204819277109,0.10843373493975904,0.1927710843373494,550.8955555555556,0.00079,0.00232,0.9999752401703477
Датчик температуры,В норме от +3 до +40,600,18023,590,10261,590,12.0,0.29178442646915503,2019,2026,2019:832;2020:955;2021:1483;2022:1633;2023:1857;2024:1132;2025:1497;2026:872,0.0,0.0,0.0,0.7623038690186141,0.11977390117922229,0.30727999220348895,531.3083333333333,0.223915,0.329195,0.0
Датчик температуры,Не определено,600,10339,400,5466,400,8.0,0.27588730332967437,2019,2026,2019:649;2020:404;2021:889;2022:742;2023:1107;2024:542;2025:644;2026:489,0.0,0.0,1.25,0.7030735455543359,0.12239297475301866,0.24716428832784487,821.0105555555556,0.0708,0.09112,0.889544443369765
Датчик температуры,Температура ниже 3ºC,600,10025,387,4928,387,5.0,0.3814935064935065,2019,2026,2019:186;2020:542;2021:613;2022:891;2023:775;2024:626;2025:914;2026:381,0.0,0.0,0.0,0.8313717532467533,0.1195211038961039,0.35430194805194803,362.1511111111111,0.162885,0.250825,0.8817955112219451
Датчик температуры,Температура выше 40ºC,600,1949,108,178,108,1.0,0.33707865168539325,2019,2026,2019:9;2020:20;2021:37;2022:13;2023:21;2024:16;2025:43;2026:19,0.0,0.0,4.279166666666667,0.702247191011236,0.02247191011235955,0.0898876404494382,2819.584027777778,0.01109,0.014985,0.7742432016418677
Датчик температуры,Выключен,600,536,164,318,164,1.0,0.29559748427672955,2019,2025,2019:84;2020:82;2021:34;2022:40;2023:33;2024:22;2025:23,0.0,0.0,0.09583333333333334,0.6698113207547169,0.03773584905660377,0.1289308176100629,1387.638611111111,0.0104,0.014575,0.0
Датчик температуры,Отключено устройство,600,152,79,109,79,1.0,0.22935779816513763,2019,2026,2019:3;2020:6;2021:3;2022:2;2023:5;2024:3;2025:20;2026:67,0.0,0.0,1.3666666666666667,0.6788990825688074,0.045871559633027525,0.13761467889908258,154.7713888888889,0.012015,0.024185,1.0
ИБП,Норма,80,37210,80,7168,80,66.0,0.32589285714285715,2019,2026,2019:1145;2020:1205;2021:938;2022:886;2023:680;2024:670;2025:1037;2026:607,0.0,0.0,14.316666666666666,0.6750837053571429,0.18331473214285715,0.5484095982142857,125.59791666666666,0.23558481630901995,0.3632816045013159,0.0
ИБП,Неопределен,80,35245,80,6724,80,64.0,0.33447352766210586,2019,2026,2019:1125;2020:1176;2021:831;2022:729;2023:656;2024:641;2025:974;2026:592,0.0,0.0,18.6125,0.6744497323022011,0.18262938726948244,0.5358417608566329,138.57152777777776,0.15215866808570322,0.2808537319835986,0.0
ИБП,Питание от сети,80,22884,80,9805,80,76.5,0.3117797042325344,2019,2026,2019:711;2020:784;2021:1356;2022:1635;2023:1603;2024:1497;2025:1381;2026:838,0.0,0.0,0.5166666666666667,0.6403875573686895,0.13309535951045384,0.4909739928607853,169.6822222222222,0.20873862501959425,0.32786344248364396,0.0
ИБП,Питание от батарей,80,20402,80,9597,80,76.5,0.3133270813795978,2019,2026,2019:710;2020:759;2021:1349;2022:1607;2023:1518;2024:1489;2025:1331;2026:834,0.0,0.0,0.26666666666666666,0.6505157861831823,0.12889444618109827,0.4810878399499844,175.6586111111111,0.12881056687209697,0.25536057553482,0.9864228997157142
ИБП,Батарея неисправна,80,2691,31,344,31,6.0,0.5726744186046512,2019,2026,2019:13;2020:30;2021:37;2022:54;2023:105;2024:22;2025:73;2026:10,0.975,0.0,50.770833333333336,0.44476744186046513,0.19767441860465115,0.5377906976744186,97.20027777777777,0.017358446980009736,0.02456913265516587,0.0
ИБП,Неисправен,80,2009,56,495,56,6.0,0.3616161616161616,2019,2026,2019:34;2020:47;2021:55;2022:57;2023:71;2024:53;2025:147;2026:31,0.0,0.0,2.6416666666666666,0.6666666666666666,0.08888888888888889,0.20404040404040405,336.00194444444446,0.026392429605062332,0.03555841562920245,0.993529118964659
ИБП,Выключен,80,514,41,398,41,2.0,0.7613065326633166,2019,2025,2019:51;2020:23;2021:119;2022:158;2023:18;2024:19;2025:10,0.0,0.0,0.0,0.8391959798994975,0.19095477386934673,0.6658291457286433,73.57027777777778,0.05744622924040294,0.08174310488495079,0.0
ИБП,Батарея разряжена,80,224,27,111,27,3.0,0.3063063063063063,2019,2026,2019:14;2020:6;2021:27;2022:16;2023:10;2024:13;2025:19;2026:6,0.0,0.0,0.875,0.6306306306306306,0.14414414414414414,0.2972972972972973,538.6497222222222,0.004314861107673523,0.007441691623559307,0.9017857142857143
КД АВ,Норма,397,310247,397,92711,397,191.0,0.2746707510435655,2019,2026,2019:15734;2020:15615;2021:10090;2022:11389;2023:11570;2024:10540;2025:11688;2026:6085,0.0,0.0,76.65,0.5302714888200969,0.20170206340132238,0.657872312886281,93.32666666666667,0.49375,0.697,0.0
КД АВ,Не замкнут,397,239068,397,67439,397,117.0,0.33495455152063347,2019,2026,2019:8509;2020:8579;2021:7524;2022:9895;2023:9967;2024:9327;2025:9228;2026:4410,0.0,0.0,71.90833333333333,0.5091564228413826,0.17894690016162754,0.595219383442815,119.98236111111112,0.36875,0.56302,0.9608688741278631
КД АВ,Неопределен,397,69623,397,31298,397,64.0,0.2857371078024155,2019,2026,2019:8235;2020:8183;2021:3420;2022:2256;2023:2252;2024:1731;2025:3133;2026:2088,0.0,0.0,12.866666666666667,0.6906511598185188,0.17838200523995143,0.5202888363473704,146.12055555555557,0.087705,0.16432,0.0
КД АВ,Неисправен,397,916,99,263,99,2.0,0.34980988593155893,2019,2026,2019:2;2020:1;2021:6;2022:63;2023:61;2024:38;2025:69;2026:23,0.0,0.0,9.875,0.5817490494296578,0.07224334600760456,0.1520912547528517,1583.9966666666667,0.004915,0.006455,1.0
КД АВ,Выключен,397,479,158,330,158,1.0,0.36363636363636365,2019,2025,2019:56;2020:70;2021:29;2022:38;2023:34;2024:42;2025:61,0.0,0.0,0.0,0.796969696969697,0.05757575757575758,0.18181818181818182,694.7261111111111,0.00815,0.01304,0.0
КД АВ,Отключено устройство,397,389,55,118,55,1.0,0.4830508474576271,2019,2026,2019:5;2022:2;2023:1;2024:23;2025:51;2026:36,0.0,0.0,24.775000000000002,0.6779661016949152,0.07627118644067797,0.1864406779661017,547.2697222222222,0.00099,0.001825,1.0
КД Дверь,Норма,917,2368802,917,414734,917,319.0,0.3316221963957621,2019,2026,2019:50551;2020:52567;2021:50940;2022:55219;2023:56406;2024:57639;2025:60511;2026:30901,0.11666666666666667,0.0,123.21666666666667,0.4698601995495908,0.2841170485178452,0.8375271861000063,47.401944444444446,0.685405,0.86127,0.0
КД Дверь,Не замкнут,917,2213894,917,378789,917,267.0,0.35991805464255827,2019,2026,2019:42976;2020:44008;2021:46700;2022:52566;2023:54343;2024:55663;2025:55042;2026:27491,0.26666666666666666,0.0,127.33333333333333,0.47321595928076055,0.28686683087418063,0.8317532980102379,47.68333333333333,0.64419,0.821345,0.016803875885656676
КД Дверь,Неопределен,917,153840,917,59308,917,58.0,0.27879881297632697,2019,2026,2019:10983;2020:13025;2021:7606;2022:5357;2023:4518;2024:4205;2025:8611;2026:5003,0.0,0.0,10.15,0.6897888986308761,0.13556349902205436,0.4364841168139206,228.59972222222223,0.060095,0.117785,0.0
КД Дверь,Выключен,917,623,238,435,238,1.0,0.32413793103448274,2019,2025,2019:86;2020:87;2021:94;2022:51;2023:33;2024:53;2025:31,0.0,0.0,0.0,0.7609195402298851,0.03908045977011494,0.07816091954022988,1936.641388888889,0.000685,0.000985,0.0
КД Дверь,Неисправен,917,360,81,172,81,1.0,0.46511627906976744,2019,2026,2019:1;2020:5;2021:10;2022:45;2023:43;2024:30;2025:30;2026:8,0.0,0.0,0.9041666666666667,0.6569767441860465,0.005813953488372093,0.06976744186046512,1511.921111111111,0.00024,0.00071,0.18333333333333332
КД Дверь,Отключено устройство,917,227,128,170,128,1.0,0.20588235294117646,2019,2026,2019:1;2020:2;2021:14;2022:4;2023:3;2024:8;2025:27;2026:111,0.0,0.0,29.0625,0.7058823529411765,0.011764705882352941,0.041176470588235294,1181.7419444444445,0.0002,0.00032,0.4977973568281938
КД Люк,Норма,55,17989,55,6081,55,105.0,0.2547278408156553,2019,2026,2019:1030;2020:1306;2021:713;2022:589;2023:631;2024:599;2025:722;2026:491,0.0,0.0,9.116666666666667,0.6452886038480513,0.12580167735569808,0.4055254070054267,282.82416666666666,0.3746637455281622,0.4523974597187942,0.0
КД Люк,Неопределен,55,14151,55,4094,55,65.0,0.31387396189545674,2019,2026,2019:748;2020:1042;2021:457;2022:287;2023:333;2024:305;2025:523;2026:399,0.0,0.0,14.529166666666667,0.6573033707865169,0.142647777234978,0.42745481191988277,250.8072222222222,0.22538062619595664,0.3054993205579744,0.0
КД Люк,Не замкнут,55,3689,55,2646,55,45.0,0.18669690098261527,2019,2026,2019:340;2020:346;2021:348;2022:358;2023:367;2024:397;2025:311;2026:179,0.0,0.0,0.0,0.762660619803477,0.037037037037037035,0.1273620559334845,1226.5533333333333,0.17709864388918162,0.2738567347957514,0.9986446191379778
КД Люк,Неисправен,55,120,8,37,8,4.0,0.32432432432432434,2022,2026,2022:8;2023:8;2024:8;2025:8;2026:5,0.2,0.0,16.366666666666667,0.40540540540540543,0.0,0.05405405405405406,1679.2305555555556,0.003133753015890624,0.003910258187969716,1.0
КД Люк,Выключен,55,72,31,46,31,1.0,0.34782608695652173,2019,2025,2019:6;2020:24;2021:1;2022:2;2023:1;2024:11;2025:1,0.0,0.0,0.025,0.7391304347826086,0.021739130434782608,0.021739130434782608,1776.1291666666666,0.039962284034499015,0.06983000083196983,0.0
КД Люк,Отключено устройство,55,35,9,18,9,2.0,0.2222222222222222,2020,2026,2020:1;2022:1;2024:8;2025:4;2026:4,0.0,0.0,18.65,0.6111111111111112,0.0,0.0,4023.027222222222,0.0008042374996533459,0.0008042374996533459,1.0
Переключатель,Выключен,801,933685,801,606999,801,775.0,0.25390816129845356,2019,2026,2019:86014;2020:111918;2021:81463;2022:73513;2023:75324;2024:68313;2025:75775;2026:34679,0.0,0.0,0.0,0.9268170128781101,0.47851808652073563,0.9624496910209078,24.0225,0.540505,0.75553,0.0
Переключатель,Включен,801,925045,801,610634,801,774.0,0.2542226603824877,2019,2026,2019:86345;2020:112221;2021:81976;2022:74470;2023:75817;2024:68736;2025:76188;2026:34881,0.0,0.0,0.0,0.9326388638693555,0.48209893323987857,0.9624455893382943,24.01222222222222,0.508195,0.74211,0.0
Переключатель,Норма,801,629717,801,68290,801,68.0,0.36567579440620884,2019,2026,2019:15443;2020:26957;2021:6838;2022:3556;2023:4728;2024:3154;2025:3957;2026:3657,0.0,0.0,2.066666666666667,0.7418655732903793,0.24936301068970568,0.634763508566408,71.55888888888889,0.077545,0.133865,0.0
Переключатель,Неопределен,801,629135,784,67994,784,68.0,0.3617230932141071,2019,2026,2019:15366;2020:26684;2021:6853;2022:3508;2023:4776;2024:3216;2025:3959;2026:3632,0.0,0.0,4.75,0.7383592669941466,0.2496249669088449,0.6353942994970144,72.0188888888889,0.061525,0.122845,0.0
Переключатель,Отключено устройство,801,479,180,300,180,2.0,0.13666666666666666,2020,2026,2020:5;2021:3;2022:7;2023:3;2024:4;2025:3;2026:275,0.0,0.0,14.733333333333333,0.7266666666666667,0.08,0.37,77.86055555555555,0.006495,0.012435,0.9958246346555324
Ручной извещатель,Норма,130,22452,130,6426,130,27.0,0.34780578898225956,2019,2026,2019:666;2020:757;2021:474;2022:411;2023:402;2024:413;2025:1761;2026:1542,0.0,0.0,51.5,0.5513538748832867,0.19203236850295674,0.507469654528478,147.05291666666665,0.34030822661167787,0.41797265031473846,0.0
Ручной извещатель,Неисправен,130,10660,99,639,99,6.0,0.20500782472613457,2019,2026,2019:1;2020:1;2021:1;2022:5;2024:5;2025:191;2026:435,0.0,0.0,12.966666666666667,0.6150234741784038,0.09389671361502347,0.39123630672926446,221.6963888888889,0.1007380073800738,0.1569133926633384,0.9984052532833021
Ручной извещатель,Неопределен,130,9897,130,5621,130,23.0,0.36061199074897704,2019,2026,2019:634;2020:700;2021:428;2022:343;2023:342;2024:355;2025:1448;2026:1371,0.0,0.0,24.933333333333334,0.6795943782245152,0.18786692759295498,0.5009784735812133,162.43944444444443,0.29474712394182767,0.38545691339266336,0.0
Ручной извещатель,Не замкнут,130,2324,130,1860,130,5.0,0.3473118279569892,2019,2026,2019:136;2020:145;2021:181;2022:221;2023:215;2024:239;2025:423;2026:300,0.0,0.0,0.0,0.8381720430107527,0.015591397849462365,0.1403225806451613,1419.8481944444443,0.04213153896244845,0.0736922075103104,0.35972461273666095
Ручной извещатель,Отключено устройство,130,232,94,213,94,2.0,0.1784037558685446,2022,2026,2022:1;2025:3;2026:209,0.0,0.0,0.0,0.92018779342723,0.107981220657277,0.13145539906103287,168.80083333333334,0.36038636856956807,0.36103755155198614,0.9956896551724138
Ручной извещатель,Рычаг сдернут,130,189,8,144,8,17.5,0.1527777777777778,2019,2021,2019:57;2020:63;2021:24,0.0,0.0,0.0,0.7777777777777778,0.006944444444444444,0.1111111111111111,1440.1279166666668,0.001996961146082049,0.003169090514434556,0.10052910052910052
Ручной извещатель,Рычаг норма,130,189,8,144,8,17.5,0.1527777777777778,2019,2021,2019:57;2020:63;2021:24,0.0,0.0,0.0,0.7777777777777778,0.006944444444444444,0.1111111111111111,1440.127638888889,0.005209463859344476,0.006251356631213371,0.0
Ручной извещатель,Выключен,130,46,10,27,10,2.0,0.2962962962962963,2019,2022,2019:16;2020:7;2021:2;2022:2,0.0,0.0,0.5416666666666666,0.5185185185185185,0.0,0.0,1465.5530555555556,0.0023008465378771435,0.0028652051226394615,0.0
Ручной извещатель,Движения нет,130,42,3,3,3,1.0,0.3333333333333333,2020,2026,2020:1;2026:2,0.0,0.0,16.891666666666666,0.6666666666666666,0.0,0.0,,0.0,0.0,0.0
Ручной извещатель,Обнаружено движение,130,39,1,1,1,1.0,1.0,2020,2020,2020:1,23.6,23.6,23.6,0.0,0.0,0.0,,4.3412198827870635e-05,4.3412198827870635e-05,1.0
Состояние УИР-Р,Норма,762,2753658,762,100634,762,92.0,0.3450026829898444,2019,2026,2019:15595;2020:19217;2021:17007;2022:15244;2023:6396;2024:7255;2025:11151;2026:8769,0.0,0.0,29.1,0.6358785301190453,0.23761353021841525,0.6378758670031998,74.45277777777778,0.174065,0.462785,0.0
Состояние УИР-Р,Неопределен,762,2643079,762,85320,762,76.0,0.3704406938584154,2019,2026,2019:13286;2020:16569;2021:15115;2022:12671;2023:4658;2024:5537;2025:9476;2026:8008,0.0,0.0,46.11666666666667,0.6786451007969996,0.25896624472573837,0.6593295827473042,66.38944444444445,0.156785,0.407875,0.0
Состояние УИР-Р,Разговор,762,106728,751,15537,751,14.0,0.3651927656561756,2019,2026,2019:2617;2020:3061;2021:2266;2022:2516;2023:1740;2024:1287;2025:1622;2026:428,0.2,0.0,2.033333333333333,0.4540773637124284,0.05895604041964343,0.26485164446160775,841.5763888888889,0.02173,0.04942,0.0
Состояние УИР-Р,Вызов,762,92636,715,10523,715,11.0,0.2848047134847477,2019,2026,2019:1141;2020:2123;2021:1432;2022:1912;2023:1206;2024:840;2025:1184;2026:685,0.21666666666666667,0.0,1.6666666666666667,0.39285374893091324,0.05834837973961798,0.2280718426304286,1201.9805555555556,0.07935,0.14705,0.0
Состояние УИР-Р,Рычаг норма,762,41466,762,25301,762,28.0,0.16501324058337616,2019,2026,2019:2562;2020:3101;2021:2902;2022:3869;2023:4328;2024:3728;2025:3227;2026:1584,0.0,0.0,0.25,0.6328603612505435,0.013714872929923719,0.07885063831469112,1511.4533333333334,0.033455,0.07671,0.0
Состояние УИР-Р,Рычаг сдернут,762,41458,762,25288,762,28.0,0.1650980702309396,2019,2026,2019:2562;2020:3099;2021:2894;2022:3865;2023:4328;2024:3728;2025:3227;2026:1585,0.0,0.0,0.16666666666666666,0.6326716229041442,0.013405567858272698,0.07810028472002531,1511.4315277777778,0.02872,0.0721,0.13157894736842105
Состояние УИР-Р,Выключен,762,3463,373,2575,373,3.0,0.3297087378640777,2019,2026,2019:203;2020:977;2021:253;2022:294;2023:69;2024:662;2025:115;2026:2,0.0,0.0,0.0,0.8104854368932038,0.10252427184466019,0.3025242718446602,449.8913888888889,0.21333,0.328815,0.0
Состояние УИР-Р,Не замкнут,762,1324,35,1109,35,33.0,0.12353471596032461,2021,2026,2021:165;2022:241;2023:209;2024:199;2025:196;2026:99,0.0,0.0,0.0,0.8575293056807936,0.010820559062218215,0.09377817853922453,1439.5313888888888,0.00017,0.00026,0.10800604229607251
Состояние УИР-Р,Отключено устройство,762,566,187,511,187,3.0,0.19765166340508805,2019,2026,2019:19;2020:145;2021:7;2022:6;2024:74;2025:24;2026:236,0.0,0.0,0.0,0.9099804305283757,0.0,0.007827788649706457,13534.041388888889,0.03612,0.06937,0.7667844522968198
Состояние УИР-Р,Неисправен,762,97,57,77,57,1.0,0.22077922077922077,2019,2025,2019:1;2020:8;2021:20;2022:19;2023:13;2024:4;2025:12,0.0,0.0,0.0,0.8311688311688312,0.0,0.06493506493506493,1455.031111111111,0.00218,0.002785,0.4020618556701031
Состояние вентилятора,Выключен,354,632600,354,415805,354,1173.5,0.17379059895864649,2019,2026,2019:61146;2020:86965;2021:55667;2022:47216;2023:49316;2024:42739;2025:50810;2026:21946,0.0,0.0,0.0,0.9087625208932072,0.5337886749798584,0.9662870816849244,23.97222222222222,0.644,0.865245,0.0
Состояние вентилятора,Включен,354,552880,354,401379,354,1134.5,0.17912247526651867,2019,2026,2019:60579;2020:86347;2021:54597;2022:45364;2023:47015;2024:39973;2025:47827;2026:19677,0.0,0.0,0.0,0.9437514169899273,0.5419092677992621,0.9702749770167348,23.976666666666667,0.600955,0.82875,0.0
Состояние вентилятора,Норма,354,358615,354,57189,354,145.0,0.2257077409991432,2019,2026,2019:8434;2020:14386;2021:5888;2022:5465;2023:5710;2024:5750;2025:6727;2026:4829,0.0,0.0,4.733333333333333,0.6327090874119149,0.195946772980818,0.6059382048995436,98.64888888888889,0.139355,0.25103,0.0
Состояние вентилятора,Неопределен,354,282058,345,31665,345,70.0,0.36390336333491236,2019,2026,2019:6870;2020:12559;2021:3374;2022:1643;2023:2272;2024:1562;2025:1805;2026:1580,0.0,0.0,4.783333333333333,0.7376282962261171,0.24989736301910626,0.6361282172745935,71.43805555555555,0.061065,0.12756,0.0
Состояние вентилятора,Обесточен,354,82703,235,27017,235,112.0,0.20709183106932672,2019,2026,2019:1700;2020:1996;2021:2887;2022:3985;2023:3643;2024:4327;2025:5142;2026:3337,0.0,0.0,4.033333333333333,0.5263722841174076,0.10345338120442685,0.45959951141873634,193.61874999999998,0.060015,0.128965,0.9038245287353542
Состояние вентилятора,Неисправен,354,78692,235,27084,235,112.0,0.20694875203071925,2019,2026,2019:1710;2020:2031;2021:2896;2022:3997;2023:3642;2024:4327;2025:5143;2026:3338,0.0,0.0,5.383333333333334,0.5204548811106188,0.10419435829271895,0.4609363461822478,193.02388888888888,0.04794,0.12828,0.8984903166776801
Состояние вентилятора,Отключено устройство,354,249,82,128,82,2.0,0.1640625,2019,2026,2019:2;2020:3;2021:1;2022:5;2023:2;2025:7;2026:108,0.4916666666666667,0.0,84.6,0.4921875,0.125,0.3125,77.86055555555555,0.00557,0.022935,1.0
Состояние насоса,Выключен,180,613838,180,84104,180,237.0,0.4155331494340341,2019,2026,2019:4582;2020:8050;2021:11130;2022:11838;2023:12338;2024:13251;2025:13275;2026:9640,0.0,0.0,0.0,0.7641372586321697,0.5225197374678969,0.8444544849234281,22.36861111111111,0.2143,0.36417,0.0
Состояние насоса,Включен,180,506623,180,65925,180,113.5,0.5125521425862722,2019,2026,2019:3456;2020:6387;2021:8833;2022:8967;2023:9725;2024:10293;2025:10367;2026:7897,0.0,0.0,0.0,0.8602806219188471,0.6130602957906712,0.887993932499052,16.614722222222223,0.161685,0.28547,0.0
Состояние насоса,Норма,180,309287,180,46321,180,210.0,0.27700179184387214,2019,2026,2019:5203;2020:9029;2021:5615;2022:5508;2023:5435;2024:5565;2025:5827;2026:4139,0.0,0.0,10.866666666666667,0.6437468966559444,0.221454631808467,0.675935320912761,75.32111111111111,0.231515,0.393275,0.0
Состояние насоса,Неопределен,180,198016,179,17928,179,80.0,0.3609995537706381,2019,2026,2019:3830;2020:6682;2021:2056;2022:1077;2023:1340;2024:908;2025:1161;2026:874,0.0,0.0,6.570833333333333,0.730533244087461,0.24174475680499777,0.642124051762606,72.72777777777777,0.0552,0.104445,0.0
Состояние насоса,Неисправен,180,108872,180,26017,180,138.0,0.18795403005727024,2019,2026,2019:1474;2020:2221;2021:3384;2022:3938;2023:3659;2024:4318;2025:4048;2026:2975,0.0,0.0,21.3,0.5597109582196256,0.12249682899642542,0.5092439558750048,161.28583333333333,0.113845,0.247035,0.8961808362113307
Состояние насоса,Обесточен,180,96277,180,24389,180,131.5,0.17913813604493828,2019,2026,2019:1350;2020:2096;2021:3106;2022:3753;2023:3431;2024:4145;2025:3860;2026:2648,0.0,0.0,19.416666666666668,0.564762802902948,0.10492435114190823,0.4894009594489319,169.65222222222224,0.09819,0.212885,0.8892985863705766
Состояние насоса,Работают все насосы в АНС,180,80800,51,7235,51,34.0,0.7205252246026261,2019,2026,2019:641;2020:1041;2021:1166;2022:1249;2023:1212;2024:1009;2025:812;2026:105,0.0,0.0,0.0,0.6670352453351762,0.5499654457498272,0.8022114720110574,20.003888888888888,0.034195,0.0648,0.9946287128712872
Состояние насоса,Затоплен,180,62285,178,13629,178,56.5,0.2373615085479492,2019,2026,2019:1015;2020:1869;2021:2881;2022:1870;2023:1434;2024:1799;2025:1540;2026:1221,0.0,0.0,19.5,0.6175801599530413,0.12209259666886786,0.4610022745615966,195.83277777777778,0.088135,0.182475,0.8618286906959942
Состояние насоса,Отключено устройство,180,746,56,655,56,1.5,0.8641221374045801,2019,2026,2019:2;2020:4;2022:4;2023:1;2024:3;2025:111;2026:530,0.0,0.0,0.0,0.9053435114503817,0.3053435114503817,0.8641221374045801,28.399444444444445,0.01882,0.02968,1.0
Состояние охраны,На охране,47,78436,47,65561,47,1590.0,0.221366361098824,2019,2026,2019:6738;2020:7912;2021:8034;2022:9013;2023:9781;2024:9779;2025:9809;2026:4495,0.0,0.0,0.0,0.8601912722502707,0.49825353487591706,0.9831607205503272,24.00027777777778,0.734265,0.934315,0.0
Состояние охраны,Снято с охраны,47,78421,47,69237,47,1645.0,0.23480220113523118,2019,2026,2019:7134;2020:8481;2021:8555;2022:9712;2023:10209;2024:10253;2025:10193;2026:4700,0.0,0.0,0.0,0.9123734419457804,0.5357251180727068,0.984256972428037,23.976111111111113,0.664935,0.91454,0.0
Состояние охраны,01.01.1970 03:00:01,47,40240,29,32469,29,1327.0,0.20459515229911607,2020,2026,2020:74;2021:5022;2022:5688;2023:6179;2024:6376;2025:6274;2026:2856,0.0,0.0,0.0,0.843635467676861,0.5046351904893899,0.9837691336351597,23.999444444444446,0.40624,0.512415,0.0
Состояние охраны,01.01.1970 03:00:00,47,40225,29,34583,29,1367.0,0.21160685886129024,2020,2026,2020:86;2021:5395;2022:6197;2023:6549;2024:6778;2025:6573;2026:3005,0.0,0.0,0.0,0.9039412428071596,0.5484197438047596,0.9854263655553307,23.97,0.37357,0.50285,0.0
Состояние охраны,Много неисправных устройств,47,8131,47,4724,47,75.0,0.3689669771380186,2019,2026,2019:490;2020:788;2021:554;2022:518;2023:605;2024:604;2025:876;2026:289,0.0,0.0,10.1375,0.7144369178662151,0.14648602878916173,0.4731160033869602,183.35305555555556,0.06088,0.12647,0.995818472512606
Состояние охраны,Устройства на объекте исправны,47,8128,47,4762,47,77.0,0.36833263334733307,2019,2026,2019:499;2020:793;2021:555;2022:515;2023:604;2024:603;2025:876;2026:317,0.0,0.0,7.9125000000000005,0.7204955900881982,0.1486770264594708,0.4762704745905082,178.76222222222222,0.085925,0.14717,0.0
Состояние охраны,Норма,47,8116,47,4763,47,77.0,0.3684652529918119,2019,2026,2019:499;2020:793;2021:555;2022:515;2023:605;2024:603;2025:876;2026:317,0.0,0.0,7.933333333333334,0.7195045139617888,0.14969557001889566,0.47638043250052486,178.76222222222222,0.086095,0.14715,0.0
Состояние охраны,Неопределен,47,8108,47,4724,47,75.0,0.3689669771380186,2019,2026,2019:490;2020:789;2021:554;2022:518;2023:605;2024:604;2025:875;2026:289,0.0,0.0,10.1375,0.7144369178662151,0.14733276883996613,0.4731160033869602,183.35305555555556,0.060985,0.12634,0.0
Состояние охраны,Выключен,47,32,13,27,13,1.0,0.5185185185185185,2020,2026,2020:2;2022:2;2023:2;2024:2;2025:17;2026:2,0.0,0.0,0.0,0.8148148148148148,0.07407407407407407,0.2222222222222222,1473.5072222222223,0.001575,0.00295,0.0
Состояние фазы,Обесточен,957,1064438,953,454600,953,206.0,0.32499780026396835,2019,2026,2019:50590;2020:56376;2021:58405;2022:64147;2023:64380;2024:64781;2025:62614;2026:33307,0.0,0.0,0.0,0.8549604047514299,0.30829520457545095,0.8968763748350198,33.96055555555556,0.31288,0.515815,0.0
Состояние фазы,Есть питание,957,1064405,949,453260,949,217.0,0.32790892644398356,2019,2026,2019:50498;2020:55929;2021:58302;2022:64138;2023:63957;2024:64615;2025:62569;2026:33252,0.0,0.0,0.0,0.8550655253055641,0.2978775978467105,0.8948726999955875,34.0375,0.27882,0.493585,0.0
Состояние фазы,Норма,957,836611,957,93295,957,70.0,0.380792111045608,2019,2026,2019:16580;2020:30208;2021:8855;2022:6973;2023:8391;2024:7580;2025:8368;2026:6340,0.0,0.0,15.133333333333333,0.6625328259820998,0.2326705611233185,0.6260892866713115,77.3275,0.09152,0.16814,0.0
Состояние фазы,Неопределен,957,811628,929,80902,929,67.0,0.4063681985612222,2019,2026,2019:16468;2020:29383;2021:8058;2022:5138;2023:6574;2024:4789;2025:5694;2026:4798,0.0,0.0,31.316666666666666,0.6924674297297966,0.25550666238164693,0.6556945440162172,65.92333333333333,0.06952,0.146005,0.0
Состояние фазы,Неисправен,957,25466,294,12789,294,36.0,0.2976776917663617,2019,2026,2019:122;2020:704;2021:868;2022:1893;2023:1894;2024:2870;2025:2816;2026:1622,0.08333333333333333,0.0,0.16666666666666666,0.47478301665493783,0.05762764876065369,0.3163656267104543,340.3863888888889,0.005865,0.0132,0.9933637006204351
Состояние фазы,Выключен,957,1315,172,960,172,1.0,0.803125,2019,2025,2019:709;2020:93;2021:30;2022:44;2023:33;2024:30;2025:21,0.0,0.0,0.0,0.8760416666666667,0.34270833333333334,0.6854166666666667,24.199166666666667,0.00125,0.0021,0.0
Состояние фазы,Включен,957,866,4,666,4,170.5,0.25825825825825827,2019,2019,2019:666,0.0,0.0,0.0,0.9324324324324325,0.503003003003003,0.9624624624624625,23.982916666666668,0.000445,0.000615,0.0
Состояние фазы,Отключено устройство,957,684,224,374,224,2.0,0.1497326203208556,2020,2026,2020:1;2021:2;2022:1;2023:1;2025:8;2026:361,0.0,0.0,45.3375,0.5614973262032086,0.08021390374331551,0.3689839572192513,77.86055555555555,0.00635,0.011845,1.0
Стекло,Норма,29,15830,29,6299,29,142.0,0.35465946975710433,2019,2026,2019:725;2020:841;2021:785;2022:760;2023:630;2024:807;2025:1228;2026:523,0.0,0.0,17.558333333333334,0.6323225908874425,0.18256866169233213,0.6920146054929354,79.44611111111111,0.40562375737684225,0.5654053712879099,0.0
Стекло,Не замкнут,29,10600,29,5053,29,97.0,0.4161884029289531,2019,2026,2019:570;2020:684;2021:648;2022:670;2023:577;2024:740;2025:856;2026:308,0.0,0.0,2.55,0.6827627152186819,0.16485256283396002,0.6576291312091826,95.77694444444444,0.29882917284690885,0.506422192066147,0.9073584905660378
Стекло,Неопределен,29,5068,29,1937,29,59.0,0.17552916881775943,2019,2026,2019:232;2020:227;2021:161;2022:177;2023:145;2024:193;2025:516;2026:286,0.0,0.0,6.2,0.6685596282911719,0.0862157976251936,0.403200826019618,305.0680555555556,0.11790324107678228,0.21103291570675672,0.0
Стекло,Выключен,29,188,9,136,9,2.0,0.2647058823529412,2019,2024,2019:13;2020:25;2021:95;2023:2;2024:1,0.0,0.0,0.08333333333333333,0.7352941176470589,0.21323529411764705,0.4485294117647059,189.85916666666665,0.02461577302994919,0.033420645690661784,0.0
Тепловой датчик,Норма,472,250462,472,40321,472,95.0,0.1766325239949406,2019,2026,2019:13156;2020:8043;2021:4129;2022:2757;2023:1598;2024:2330;2025:5788;2026:2520,0.0,0.0,14.633333333333333,0.6679893851838992,0.11874705488455148,0.43009845985962647,216.84472222222223,0.18641,0.332095,0.0
Тепловой датчик,Неопределен,472,246676,472,40391,472,95.0,0.17808422668416232,2019,2026,2019:13137;2020:8026;2021:4189;2022:2722;2023:1567;2024:2336;2025:5997;2026:2417,0.0,0.0,18.725,0.6772795919883142,0.12071996236785422,0.43794409645713156,216.80277777777778,0.120985,0.27776,0.0
Тепловой датчик,Не замкнут,472,3706,371,1088,371,2.0,0.2757352941176471,2019,2026,2019:48;2020:92;2021:98;2022:67;2023:103;2024:151;2025:381;2026:148,0.0,0.0,16.633333333333333,0.53125,0.0974264705882353,0.13694852941176472,1729.4047222222223,0.14036,0.147095,0.6036157582298974
Тепловой датчик,Выключен,472,174,72,127,72,1.0,0.31496062992125984,2019,2025,2019:22;2020:21;2021:21;2022:13;2023:12;2024:12;2025:26,0.0,0.0,0.008333333333333333,0.7480314960629921,0.10236220472440945,0.1732283464566929,631.0355555555556,0.01144,0.014075,0.0
