pr_auc,roc_auc,precision_at_recall_0.1,precision_at_recall_0.2,precision_at_recall_0.3,precision_at_recall_0.4,precision_at_recall_0.5,precision_at_recall_0.6,recall_at_precision_0.5,recall_at_precision_0.6,recall_at_precision_0.7,recall_at_precision_0.8,best_f1,best_f2,formal_gap_oracle,oracle_precision,oracle_recall,formal_reached_oracle,avg_precision,daily_precision_top_1pct,alert_precision,episode_recall,median_lead_time_hours,n,n_positive,fold,tag,seconds,transfer_threshold,transfer_precision,transfer_recall,transfer_formal_gap,transfer_alert_fraction,transfer_formal_reached,transfer_frac_precision,transfer_frac_recall,transfer_frac_formal_gap,model,key
0.2902812190597104,0.705471991476513,0.5355871886120996,0.5355871886120996,0.5038284839203675,0.2685317541351848,0.20623970345963757,0.20623970345963757,0.30057803468208094,0.0,0.0,0.0,0.37631730216516573,0.47684740882917476,0.38650455496665026,0.5278246205733558,0.2856708244599939,False,0.2903,0.1861,0.1762917933130699,0.03982576228998133,19.611944444444447,27476,3287,fold1,ups_battery_prior_channel,1.0,0.2548517128778314,0.10227272727272728,0.029466791393826006,1.0682604813334466,0.0243401296032875,False,0.11409395973154363,0.08746492048643592,0.9984411197820204,prior_channel,ups_battery
0.10383778283446282,0.5787418450602837,0.12891066716924238,0.12249597052728528,0.11662315056570931,0.1067367932554722,0.1067367932554722,0.1067367932554722,0.0,0.0,0.0,0.0,0.18319294289314852,0.3461113158864726,0.5932632067445278,0.1067367932554722,0.6454630495790459,False,0.1038,0.0494,0.051351351351351354,0.012516469038208168,17.384722222222223,25308,2138,fold2,ups_battery_prior_channel,1.0,0.0724488004516043,0.11141432200997459,0.6785100286532951,0.5885856779900254,0.4816443074691806,False,0.10743435060326473,0.6939828080229227,0.5925656493967353,prior_channel,ups_battery
0.11520101005901742,0.6402264821653368,0.14883720930232558,0.14004474272930648,0.14004474272930648,0.13461909353905496,0.12423683089592504,0.12085882488745238,0.0,0.0,0.0,0.0,0.20558239398819111,0.33820744792762464,0.5757631691040749,0.12423683089592504,0.501432664756447,False,0.1152,0.0397,0.04155124653739612,0.010073875083948958,18.913333333333334,22064,1745,fold3,ups_battery_prior_channel,1.0,0.09357486622084932,0.11540526033279656,0.40515075376884424,0.6794439858983592,0.2273892347125595,False,0.11062962018863115,0.5452261306532663,0.5893703798113687,prior_channel,ups_battery
0.10463794797171935,0.6618626805231621,0.14214046822742474,0.14214046822742474,0.1365416899832121,0.11681901279707495,0.11123986095017381,0.10196703880914407,0.0,0.0,0.0,0.0,0.1889276035617499,0.3210586257389229,0.5887601390498262,0.11123986095017381,0.542713567839196,False,0.1046,0.0525,0.04722222222222222,0.012781954887218045,20.166944444444443,24579,1592,fold4,ups_battery_prior_channel,1.0,,,,,,,,,,prior_channel,ups_battery
0.20966207348776283,0.5814528821510727,0.4973221117061974,0.4955022488755622,0.25470967741935485,0.178208429326467,0.14333042720139494,0.13182787103650412,0.0,0.0,0.0,0.0,0.3019385157626787,0.4060856779724375,0.5023042167972898,0.4923413566739606,0.2053544265287496,False,0.2097,0.2829,0.25249169435215946,0.054138145612943375,19.351666666666667,27476,3287,fold1,ups_battery_logistic_regression,2.7,0.9262144312384234,0.00423728813559322,0.0009354536950420954,1.1948272581693646,0.018650229176544967,False,0.04433887569279493,0.026192703461178673,1.1294684208460264,logistic_regression,ups_battery
0.10106756569472487,0.5690190413476993,0.11258278145695365,0.11258278145695365,0.11258278145695365,0.11157128514056225,0.10548066515792581,0.10471824863668695,0.0,0.0,0.0,0.0,0.17916300452978162,0.3216385579452267,0.5945193348420741,0.10548066515792581,0.5014031805425632,False,0.1011,0.0545,0.04395604395604396,0.011198945981554678,12.269166666666667,25308,2138,fold2,ups_battery_logistic_regression,8.4,0.4432609042065181,0.10694125026134225,0.5862464183381089,0.5930587497386577,0.43355692530819434,False,0.109255079006772,0.5547277936962751,0.590744920993228,logistic_regression,ups_battery
0.1255948559690206,0.6306643985452096,0.15331807780320367,0.1484308736217133,0.1405579399141631,0.12612127735916756,0.11584800741427248,0.10958760728490685,0.0005730659025787965,0.0,0.0,0.0,0.19524810085663488,0.33326352165034817,0.5841519925857275,0.11584800741427248,0.501432664756447,False,0.1256,0.0556,0.054441260744985676,0.014103425117528543,16.48361111111111,22064,1745,fold3,ups_battery_logistic_regression,6.6,0.4895116063639213,0.10326721120186698,0.44472361809045224,0.6520091707076807,0.27893730420277474,False,0.10292369859757547,0.5439698492462312,0.5970763014024245,logistic_regression,ups_battery
0.1023858022061127,0.6717338924141742,0.11903012490815577,0.11664810690423162,0.11316648531011969,0.11122211122211122,0.10532978858083301,0.10448859455481972,0.0,0.0,0.0,0.0,0.1790184601530842,0.3235523820149504,0.594670211419167,0.10532978858083301,0.5226130653266332,False,0.1024,0.0814,0.08192090395480225,0.021052631578947368,20.944027777777777,24579,1592,fold4,ups_battery_logistic_regression,6.1,,,,,,,,,,logistic_regression,ups_battery
0.4156613440618294,0.7073864418505407,0.9112271540469974,0.7978208232445521,0.549554565701559,0.38315850815850816,0.2718703489333554,0.21336649724234888,0.3212655917249772,0.2823243078795254,0.25007605719501064,0.19835716458777,0.4046744574290484,0.44281120808451996,0.24992394280498936,0.7001703577512777,0.25007605719501064,False,0.4157,0.4566,0.41040462427745666,0.0970752955818295,14.621805555555556,27476,3287,fold1,ups_battery_lightgbm,4.1,0.8180693137141963,0.6436781609195402,0.026192703461178673,0.530129135619281,0.0034376481744902796,False,0.22664199814986125,0.1145930776426567,0.858764924207482,lightgbm,ups_battery
0.17892120349775234,0.6118169764860774,0.31563421828908556,0.19158460161145927,0.1480543403177527,0.13319956783454237,0.12096865452076497,0.11453979546465096,0.06454630495790459,0.035079513564078575,0.026192703461178673,0.02245088868101029,0.20374293785310732,0.33323176040397,0.4738072965388213,0.7,0.026192703461178673,False,0.1789,0.361,0.35978835978835977,0.09156785243741765,3.3444444444444446,25308,2138,fold2,ups_battery_lightgbm,3.5,0.8445581105258007,0.7575757575757576,0.02865329512893983,0.4713467048710602,0.0029912980420594634,False,0.7142857142857143,0.02865329512893983,0.4713467048710602,lightgbm,ups_battery
0.21953407785894588,0.7008021061208396,0.37154989384288745,0.27411944869831545,0.23667570009033423,0.20115107913669064,0.1601605253557096,0.13901345291479822,0.06418338108882521,0.0498567335243553,0.028080229226361032,0.028080229226361032,0.27613997879109226,0.36673747344745716,0.47191977077363895,0.7,0.028080229226361032,False,0.2195,0.3942,0.41620111731843573,0.10275352585627938,4.0075,22064,1745,fold3,ups_battery_lightgbm,3.6,0.9033838955922026,0.8,0.02763819095477387,0.4723618090452261,0.0022376825745555147,False,0.746268656716418,0.031407035175879394,0.4685929648241206,lightgbm,ups_battery
0.2363894204753353,0.7566400322839237,0.476878612716763,0.341541755888651,0.24487704918032788,0.20885245901639343,0.17274305555555555,0.14251639833035182,0.08919597989949749,0.06092964824120603,0.0471105527638191,0.029522613065326633,0.28454661558109834,0.3687420785804816,0.4528894472361809,0.7009345794392523,0.0471105527638191,False,0.2364,0.3491,0.3543956043956044,0.09924812030075188,7.721527777777778,24579,1592,fold4,ups_battery_lightgbm,5.4,,,,,,,,,,lightgbm,ups_battery
0.42363139511065073,0.7134777399402481,0.896551724137931,0.7966101694915254,0.6414852752880922,0.4578690807799443,0.27973455844818784,0.21209521767102724,0.3824155765135382,0.3401277760876179,0.24155765135381807,0.19774870702768482,0.43868179362506754,0.4424230406979626,0.24822541805675152,0.6186440677966102,0.33313051414663825,False,0.4236,0.4268,0.38414634146341464,0.0864965774735532,15.053333333333333,27476,3287,fold1,ups_battery_catboost,6.5,0.7577158826369919,0.37755102040816324,0.03461178671655753,0.7878371928752792,0.007744586691955113,False,0.16922133660331085,0.12909260991580918,0.9016860534808799,catboost,ups_battery
0.1709314901703814,0.6337261135310531,0.2529411764705882,0.21075581395348839,0.16340035632476457,0.1493812096914764,0.13055691255495847,0.1173087456636845,0.034144059869036486,0.02806361085126286,0.019176800748362956,0.017305893358278764,0.22136899245332983,0.33460635576889386,0.480823199251637,0.7068965517241379,0.019176800748362956,False,0.1709,0.3403,0.34139784946236557,0.0836627140974967,0.9586111111111111,25308,2138,fold2,ups_battery_catboost,6.6,0.8646918029956532,0.7560975609756098,0.017765042979942695,0.4822349570200573,0.0018582306018854243,False,0.68,0.019484240687679084,0.5005157593123208,catboost,ups_battery
0.2021550589306904,0.7051504153451587,0.30782608695652175,0.2668178382464097,0.21755102040816326,0.19010062550992657,0.16171860593767287,0.1407942238267148,0.03667621776504298,0.03553008595988539,0.029226361031518624,0.024068767908309457,0.264089521871821,0.367988074204947,0.4707736389684814,0.7083333333333334,0.029226361031518624,False,0.2022,0.3704,0.38764044943820225,0.09738079247817327,5.388333333333334,22064,1745,fold3,ups_battery_catboost,7.1,0.8487023299809086,0.6043956043956044,0.034547738693467334,0.5610566569109283,0.0037023475324463972,False,0.5925925925925926,0.03015075376884422,0.5772566536385632,catboost,ups_battery
0.2401120070207579,0.7641176583749653,0.49691358024691357,0.34486486486486484,0.25823878984332793,0.20823798627002288,0.16666666666666666,0.1462892119357307,0.09798994974874371,0.08228643216080402,0.03768844221105527,0.02763819095477387,0.281434184675835,0.3726831860758653,0.4623115577889447,0.7058823529411765,0.03768844221105527,False,0.2401,0.3648,0.3792134831460674,0.10526315789473684,7.352222222222222,24579,1592,fold4,ups_battery_catboost,7.9,,,,,,,,,,catboost,ups_battery
0.39840612645730533,0.6945344329337911,0.8990147783251231,0.7620689655172413,0.5529411764705883,0.3511857180921929,0.24155157214222744,0.18690791966654036,0.31700638880438087,0.28901734104046245,0.25038028597505324,0.18010343778521448,0.3964088397790055,0.4360428281804358,0.24961971402494676,0.7004255319148937,0.25038028597505324,False,0.3984,0.4367,0.40175953079178883,0.09458618543870566,14.254027777777779,27476,3287,fold1,ups_battery_hist_gradient_boosting,10.7,0.8123261237499487,0.7611940298507462,0.023854069223573433,0.4761459307764266,0.0026473842263315945,False,0.21606648199445982,0.10944808231992516,0.874485435685615,hist_gradient_boosting,ups_battery
0.18999361957151184,0.6335548290122264,0.3287878787878788,0.23113964686998395,0.17368989735278229,0.1434296209717816,0.12728991844935586,0.11353596041703481,0.042563143124415344,0.039756782039289056,0.03554724041159962,0.03320860617399439,0.22702475870751154,0.3422280492037173,0.4644527595884004,0.7102803738317757,0.03554724041159962,False,0.19,0.3532,0.35561497326203206,0.08959156785243742,2.7934722222222224,25308,2138,fold2,ups_battery_hist_gradient_boosting,10.8,0.795040242363524,0.33727810650887574,0.032664756446991405,0.8300571370441328,0.007659535895576505,False,0.5052631578947369,0.027507163323782235,0.6672296787814809,hist_gradient_boosting,ups_battery
0.20177902400603787,0.6733631387393988,0.4069767441860465,0.2554112554112554,0.17591973244147158,0.1513443191673894,0.13665469311260348,0.12508960573476702,0.06131805157593123,0.032664756446991405,0.03151862464183381,0.02979942693409742,0.22952557646435195,0.3528949436730416,0.4684813753581662,0.7051282051282052,0.03151862464183381,False,0.2018,0.4101,0.42777777777777776,0.10678307588985897,5.391388888888889,22064,1745,fold3,ups_battery_hist_gradient_boosting,14.2,0.8512717528367129,0.63,0.03957286432160804,0.5304271356783918,0.004068513771919118,False,0.6436781609195402,0.035175879396984924,0.5211459596834749,hist_gradient_boosting,ups_battery
0.2293658167579123,0.7581090049149476,0.5387096774193548,0.33298647242455776,0.24779678589942974,0.19066147859922178,0.16118620133145048,0.14142604596346495,0.114321608040201,0.05087939698492462,0.016959798994974875,0.0,0.2740863787375415,0.36873156342182895,0.4794415626519694,0.6935483870967742,0.02701005025125628,False,0.2294,0.3701,0.37228260869565216,0.10601503759398496,8.643611111111111,24579,1592,fold4,ups_battery_hist_gradient_boosting,14.5,,,,,,,,,,hist_gradient_boosting,ups_battery
