valid_year,model,ap,roc,r_at_p70,p_at_r50
2024,hmm_posterior_fault_state,0.2735820982819125,0.5359530777713222,1.75377060680463e-05,0.2706938788886795
2024,hmm_last_surprise,0.27941982145778754,0.5477267580117492,0.0008593475973342686,0.257184442467858
2024,logreg_base,0.41515941694996794,0.6498098871223127,0.08230445457734129,0.3481201997631171
2024,lightgbm_base,0.42833782746978644,0.67398810688795,0.08451420554191512,0.3725823092293427
2024,logreg_base+hmm,0.4162207709256236,0.6507718228473776,0.08202385128025254,0.3493016417544719
2024,lightgbm_base+hmm,0.42094102362855645,0.6750988395139526,0.07365836548579446,0.3578860176458038
2025,hmm_posterior_fault_state,0.18328067552645166,0.5020056852537901,0.00017793594306049823,0.198126398926444
2025,hmm_last_surprise,0.18997593309470656,0.4962017416514169,2.224199288256228e-05,0.19168386044690192
2025,logreg_base,0.44799664023096664,0.7259689861349619,0.1927935943060498,0.4002848495638241
2025,lightgbm_base,0.41815504788824076,0.6829724069185905,0.15444839857651246,0.3110144927536232
2025,logreg_base+hmm,0.4466055235271006,0.725670508772301,0.19141459074733097,0.39932152816013355
2025,lightgbm_base+hmm,0.4188702393605088,0.6956725366770149,0.14294928825622777,0.33445403153823267
