n,n_positive,roc_auc,avg_precision,precision_at_recall_0.5,recall_at_precision_0.7,precision_top_0.1pct,recall_top_0.1pct,precision_top_0.5pct,recall_top_0.5pct,precision_top_1pct,recall_top_1pct,precision_top_2pct,recall_top_2pct,precision_top_5pct,recall_top_5pct,n_days,daily_precision_top_0.1pct,daily_recall_top_0.1pct,daily_precision_top_0.5pct,daily_recall_top_0.5pct,daily_precision_top_1pct,daily_recall_top_1pct,daily_precision_top_2pct,daily_recall_top_2pct,daily_precision_top_5pct,daily_recall_top_5pct,precision_top5_per_day,recall_top5_per_day,precision_top10_per_day,recall_top10_per_day,precision_top20_per_day,recall_top20_per_day,precision_top50_per_day,recall_top50_per_day,episode_recall_lead_ge_1h,episode_recall_lead_ge_6h,episode_recall_lead_ge_12h,episode_recall_lead_ge_24h,episode_recall_lead_ge_48h,alert_precision,alerts_per_day,episode_recall,median_lead_time_hours,p25_lead_time_hours,p75_lead_time_hours,episode_count,fold,source,blend_weight_catboost,meta_coef_catboost,meta_coef_hybrid,meta_intercept,n_oof_train_rows
201935,26462,0.7919,0.4006,0.3216,0.1677,0.4478,0.0034,0.6858,0.0262,0.7484,0.0571,0.7737,0.1181,0.6025,0.2299,365,0.2916,0.004,0.3392,0.011,0.356,0.0248,0.3445,0.0503,0.3256,0.1221,0.3216,0.0222,0.3148,0.0434,0.2988,0.0824,0.2631,0.1814,0.08506379784838629,0.08431323492619465,0.08306229672254191,0.06730047535651738,0.042531898924193144,0.32495164410058025,2.8331869290482623,0.08656492369276958,47.903333333333336,25.637777777777778,60.87555555555556,3997,fold1,catboost_only,,,,,
201935,26462,0.7704,0.3578,0.2916,0.0418,0.796,0.006,0.6997,0.0267,0.6627,0.0506,0.6518,0.0995,0.5085,0.194,365,0.3515,0.0049,0.3591,0.0116,0.3625,0.0252,0.3385,0.0495,0.3125,0.1172,0.3392,0.0234,0.3247,0.0448,0.2925,0.0807,0.255,0.1759,0.07880910683012259,0.07755816862646986,0.07705779334500876,0.06705028771578685,0.046034525894420815,0.3295668549905838,2.909907658268138,0.07980985739304479,49.90833333333333,30.01763888888889,67.87722222222222,3997,fold1,hybrid_only,,,,,
196052,24349,0.7173,0.2649,0.2182,,0.4847,0.0039,0.4459,0.0179,0.5092,0.041,0.4902,0.0789,0.3968,0.1597,365,0.212,0.0032,0.2057,0.0071,0.2175,0.0159,0.2259,0.0347,0.2258,0.0894,0.2422,0.0182,0.2351,0.0352,0.2251,0.0675,0.2057,0.1542,0.04969796814936848,0.04832509610104338,0.04695222405271829,0.03761669412410763,0.01784733662822625,0.2017075773745998,2.5682653089937855,0.05134541460735859,42.68333333333333,23.031666666666666,53.07277777777777,3642,fold2,catboost_only,,,,,
196052,24349,0.7589,0.3031,0.2701,,0.4133,0.0033,0.451,0.0182,0.5495,0.0442,0.5103,0.0822,0.4608,0.1855,365,0.2418,0.0037,0.2164,0.0075,0.2276,0.0167,0.2299,0.0353,0.2241,0.0887,0.2395,0.0179,0.237,0.0355,0.2244,0.0673,0.2098,0.1572,0.05875892366831411,0.05848434925864909,0.05793520043931905,0.04585392641405821,0.020043931905546403,0.2327113062568606,2.497000743322667,0.05875892366831411,42.51902777777778,24.898611111111112,56.73791666666667,3642,fold2,hybrid_only,,,,,
196052,24349,0.7512,0.3049,0.252,0.0025,0.5663,0.0046,0.501,0.0202,0.5704,0.0459,0.5771,0.0929,0.4471,0.18,365,0.2337,0.0035,0.2093,0.0072,0.2248,0.0165,0.2312,0.0355,0.2317,0.0917,0.2351,0.0176,0.2389,0.0358,0.2355,0.0706,0.2114,0.1584,0.06013179571663921,0.06013179571663921,0.05985722130697419,0.04914881933003844,0.021965952773201538,0.235480464625132,2.5956747573288315,0.06013179571663921,44.98777777777778,25.258333333333333,57.4625,3642,fold2,arithmetic_blend,0.25,,,,
196052,24349,0.7283,0.2848,0.2283,0.0014,0.5714,0.0046,0.4837,0.0195,0.5898,0.0475,0.5575,0.0898,0.4149,0.167,365,0.2255,0.0034,0.2105,0.0073,0.2326,0.017,0.2374,0.0365,0.2354,0.0931,0.2499,0.0187,0.2427,0.0364,0.23,0.069,0.2102,0.1576,0.05875892366831411,0.058209774848984076,0.05738605161998902,0.04612850082372323,0.021691378363536518,0.2289029535864979,2.598415702162336,0.05875892366831411,42.93805555555555,24.956666666666667,55.50909722222222,3642,fold2,oof_logreg_stack,,3.2414884537884556,1.2815845549358282,-2.5064678411449237,201935.0
179439,21060,0.7752,0.2906,0.266,,0.2123,0.0018,0.3679,0.0157,0.4192,0.0357,0.464,0.0791,0.4183,0.1782,366,0.376,0.0066,0.39,0.0141,0.4212,0.0322,0.4122,0.0666,0.3658,0.1528,0.3973,0.0345,0.3915,0.068,0.3429,0.1192,0.2943,0.2557,0.09013173099144904,0.08990062398890686,0.08712733995840075,0.07765195285417148,0.04737693552114629,0.4252199413489736,2.7962142507678442,0.0905939449965334,48.58166666666666,30.95277777777778,61.43069444444444,4327,fold3,catboost_only,,,,,
179439,21060,0.7619,0.2887,0.2427,0.0015,0.5642,0.0048,0.4638,0.0198,0.4292,0.0366,0.4624,0.0788,0.4254,0.1812,366,0.3869,0.0067,0.39,0.0141,0.4001,0.0306,0.401,0.0648,0.3417,0.1427,0.3995,0.0347,0.394,0.0685,0.3366,0.117,0.2767,0.2405,0.08412294892535244,0.0834296279177259,0.08134966489484631,0.07164317078807488,0.04807025652877282,0.42012448132780084,2.634946762209386,0.08412294892535244,51.05305555555556,34.13194444444444,64.82083333333334,4327,fold3,hybrid_only,,,,,
179439,21060,0.7722,0.3054,0.2556,0.0127,0.7486,0.0064,0.5184,0.0221,0.4498,0.0383,0.5047,0.086,0.4364,0.1859,366,0.4251,0.0074,0.4414,0.0159,0.4535,0.0347,0.4474,0.0723,0.3702,0.1546,0.4311,0.0375,0.4142,0.072,0.3619,0.1258,0.2955,0.2568,0.09406055003466605,0.0935983360295817,0.09105615900161775,0.08227409290501503,0.05870117864571296,0.4573947110675808,2.790747556240439,0.09406055003466605,53.37777777777778,36.393055555555556,63.63333333333333,4327,fold3,arithmetic_blend,0.5,,,,
179439,21060,0.7693,0.3038,0.2516,0.0147,0.7486,0.0064,0.5251,0.0224,0.4543,0.0387,0.4855,0.0827,0.4447,0.1894,366,0.4278,0.0075,0.4308,0.0155,0.4411,0.0338,0.4377,0.0708,0.3655,0.1527,0.429,0.0373,0.4107,0.0714,0.3544,0.1232,0.2909,0.2528,0.0915183730067021,0.09082505199907558,0.0885139819736538,0.0795008088745089,0.05708342962791772,0.4533856722276742,2.7852808617130336,0.0915183730067021,53.480555555555554,37.03006944444444,63.63333333333333,4327,fold3,oof_logreg_stack,,1.3442856046230327,2.749482510956017,-2.2596769787540207,397987.0
208325,29198,0.8068,0.3975,0.3723,0.0389,0.8942,0.0064,0.7301,0.026,0.6745,0.0481,0.5874,0.0838,0.5121,0.1827,365,0.3205,0.004,0.3379,0.0102,0.3379,0.022,0.3443,0.0471,0.3498,0.1228,0.3359,0.021,0.3444,0.0431,0.3329,0.0832,0.3244,0.2028,0.07369239743340462,0.072914641259965,0.0698036165662065,0.06241493291853004,0.03927668675870115,0.3338762214983713,3.365171713542498,0.07408127552012445,48.84583333333333,30.34777777777778,60.14888888888889,5143,fold4,catboost_only,,,,,
208325,29198,0.7686,0.3235,0.308,,0.5673,0.004,0.6638,0.0237,0.543,0.0387,0.4786,0.0683,0.423,0.1509,365,0.3178,0.004,0.3424,0.0103,0.3363,0.0219,0.331,0.0453,0.313,0.1099,0.3019,0.0189,0.3104,0.0388,0.2995,0.0749,0.2799,0.1749,0.07330351934668482,0.06902586039276687,0.06688703091580789,0.05658176161773284,0.03655454015166246,0.34419014084507044,3.1130578718113013,0.07330351934668482,47.2625,26.756666666666668,58.18833333333333,5143,fold4,hybrid_only,,,,,
208325,29198,0.7868,0.37,0.3378,0.0366,0.8558,0.0061,0.7781,0.0277,0.6659,0.0475,0.5799,0.0827,0.4864,0.1735,365,0.3589,0.0045,0.3743,0.0113,0.3757,0.0245,0.3831,0.0524,0.3707,0.1301,0.3622,0.0226,0.3655,0.0457,0.3536,0.0884,0.3194,0.1996,0.08846976472875753,0.08574761812171884,0.08360878864475987,0.07466459265020416,0.04724868753645732,0.38707037643207853,3.3487295064730724,0.08885864281547735,48.84527777777778,28.45277777777778,60.155,5143,fold4,arithmetic_blend,0.5,,,,
208325,29198,0.7826,0.3603,0.3253,0.0349,0.8125,0.0058,0.7791,0.0278,0.6366,0.0454,0.5804,0.0828,0.4751,0.1695,365,0.3589,0.0045,0.3891,0.0117,0.3826,0.0249,0.3836,0.0525,0.3621,0.1271,0.3611,0.0226,0.3655,0.0457,0.3515,0.0879,0.3092,0.1933,0.08944195994555706,0.08477542290491931,0.08283103247132025,0.07310908030332491,0.04549873614621816,0.3848711554447215,3.29666251741989,0.08944195994555706,48.09180555555555,26.896944444444443,56.62555555555556,5143,fold4,oof_logreg_stack,,1.6723961746784177,2.7494683497396473,-2.475748106473851,577426.0
