pr_auc,roc_auc,precision_at_recall_0.1,precision_at_recall_0.2,precision_at_recall_0.3,precision_at_recall_0.4,precision_at_recall_0.5,precision_at_recall_0.6,recall_at_precision_0.5,recall_at_precision_0.6,recall_at_precision_0.7,recall_at_precision_0.8,best_f1,best_f2,formal_gap_oracle,oracle_precision,oracle_recall,formal_reached_oracle,avg_precision,daily_precision_top_1pct,alert_precision,episode_recall,median_lead_time_hours,n,n_positive,fold,tag,seconds,model,device
0.336575459543112,0.7565821885541154,0.6223004694835681,0.42737182075090835,0.3558463675884014,0.30093250696537216,0.2626649469193372,0.24015730167133026,0.15017761318116543,0.10909984128183811,0.09114957297256443,0.060690801904617946,0.34606864409217764,0.5583972899568742,0.40885042702743557,0.700145137880987,0.09114957297256443,False,0.3366,0.3538,0.31131221719457014,0.09832374280710533,44.184444444444445,201935,26462,fold1,fan72_lgbm_default,8.1,lgbm_default,fan
0.2081491799366681,0.6718466060934875,0.2843308832108272,0.23061667768438945,0.20587323507031535,0.19173936964552385,0.18663038062018475,0.18663038062018475,0.014538584746806851,0.009445973140580722,0.0005749722781223048,0.0004106944843730749,0.3145470754680414,0.534254150921037,0.4994250277218777,0.7,0.0005749722781223048,False,0.2081,0.2349,0.2136669874879692,0.06315211422295441,39.39763888888889,196052,24349,fold2,fan72_lgbm_default,9.0,lgbm_default,fan
0.24137068221069363,0.7364874909343136,0.38902611150317573,0.3100628012268147,0.25760293518141053,0.22775569794792766,0.2089226557695741,0.19901147507437547,0.0,0.0,0.0,0.0,0.3061011499008058,0.5167261253392089,0.4910773442304258,0.2089226557695741,0.5000949667616335,False,0.2414,0.3431,0.33745247148288976,0.08111855789230414,44.0225,179439,21060,fold3,fan72_lgbm_default,13.4,lgbm_default,fan
0.35400033977054796,0.7842505670964346,0.5246675997200839,0.45828768195335734,0.4181462390225277,0.36752674638137195,0.3242373107153959,0.2888540807914262,0.12822796081923418,0.033118706760737034,0.0047263511199397215,0.0032878964312624153,0.39386596171733496,0.5805133840585769,0.37576268928460405,0.3242373107153959,0.500136995684636,False,0.354,0.3642,0.3581395348837209,0.08146995916780089,49.364444444444445,208325,29198,fold4,fan72_lgbm_default,48.7,lgbm_default,fan
0.39496158196388986,0.7857534635851833,0.7679324894514767,0.6146522698246836,0.45927811198519203,0.37244897959183676,0.3153254057145581,0.2752344467749484,0.26468142997505856,0.20773184188647872,0.16567152898495957,0.0012848613105585368,0.39070068803801183,0.5592710567392988,0.33428480922712844,0.6999680817108203,0.16574710906205126,False,0.395,0.3783,0.34770114942528735,0.09807355516637478,47.316944444444445,201935,26462,fold1,fan72_lgbm_small,19.2,lgbm_small,fan
0.24883971506810068,0.7090244257238393,0.3749047110840067,0.3157894736842105,0.27649507948523844,0.24495793042823055,0.21797579836746384,0.19669572704768054,0.04201404575136556,0.0016838473859296069,0.0013142223499938396,0.0011499445562446096,0.3145430114473242,0.5342494612518269,0.4820242016325361,0.21797579836746384,0.5001026736210933,False,0.2488,0.2578,0.22929936305732485,0.05985722130697419,40.84972222222222,196052,24349,fold2,fan72_lgbm_small,24.9,lgbm_small,fan
0.2799924583623143,0.7732356202952578,0.3893522626441881,0.34524783248814,0.31693140251540813,0.28417157275021027,0.2611089069629042,0.2384306782438363,0.018043684710351376,0.015432098765432098,0.009401709401709401,0.0033238366571699905,0.34328749181401436,0.5223364728246781,0.4388910930370958,0.2611089069629042,0.5,False,0.28,0.3766,0.37086776859504134,0.0753408828287497,47.19791666666667,179439,21060,fold3,fan72_lgbm_small,15.6,lgbm_small,fan
0.38248137822298134,0.7965041778362743,0.5782178217821782,0.4852110335659688,0.4419753086419753,0.399849449120646,0.3611172908169571,0.31913149601996393,0.17751215836701145,0.06938831426810055,0.03078978012192616,0.019179395849030754,0.4220836309687346,0.5808651504782519,0.33888270918304286,0.3611172908169571,0.5003424892115899,False,0.3825,0.32,0.3040358744394619,0.06572039665564845,46.9875,208325,29198,fold4,fan72_lgbm_small,19.2,lgbm_small,fan
0.364330588288528,0.7701622277663808,0.7446748878923767,0.49630599457589075,0.37646389455217866,0.3209034409580112,0.2801490514905149,0.2547030734224273,0.19737737132491875,0.14949739248734034,0.11303000529060539,0.06787090922832742,0.360511090417818,0.5580371265516849,0.38694118731705496,0.6999532273152479,0.11310558536769708,False,0.3643,0.344,0.30205540661304736,0.09632224168126094,41.4875,201935,26462,fold1,fan72_lgbm_large,31.1,lgbm_large,fan
0.21059307026428237,0.6718572839635137,0.2931178934769599,0.2359333494325042,0.20421570545972995,0.18959375547466567,0.18662751922236617,0.18662751922236617,0.014826070885868002,0.008542445274959957,0.00751570906402727,0.0008213889687461497,0.3145430114473242,0.5342494612518269,0.49248429093597273,0.7011494252873564,0.00751570906402727,False,0.2106,0.2068,0.19675262655205347,0.05601317957166392,42.09166666666667,196052,24349,fold2,fan72_lgbm_large,30.3,lgbm_large,fan
0.24037533736141214,0.7373248739468377,0.3598497780812564,0.286839603422518,0.2448560468090053,0.2262560081630461,0.215878150142281,0.20497407647440052,0.0,0.0,0.0,0.0,0.30734250828040793,0.51732210903838,0.48412184985771894,0.215878150142281,0.5007122507122507,False,0.2404,0.3356,0.33365200764818354,0.08088745088976196,45.215,179439,21060,fold3,fan72_lgbm_large,34.9,lgbm_large,fan
0.3466837290996382,0.7824115172161255,0.4996577686516085,0.46342430974293874,0.4074797655595869,0.3550799537909649,0.31700275673446354,0.28547451440490157,0.09942461812452907,0.027330639084868828,0.0,0.0,0.38873974645786724,0.5805821824641136,0.3829972432655364,0.31700275673446354,0.5001712446057949,False,0.3467,0.3216,0.31832298136645965,0.07349795839004472,46.971666666666664,208325,29198,fold4,fan72_lgbm_large,36.2,lgbm_large,fan
