candidate_precision,candidate_recall,n_candidates_selected,n_alerts_dedup,alert_precision_dedup,episode_recall,alerts_per_day,median_lead_time_hours,episodes,model,fold,threshold,base_rate
0.7091068167985393,0.17813219681405104,26288,14840,0.5190700808625337,0.14096396906244105,40.65970415658598,7.693333333333333,63612,prior_channel,fold2,0.6153609802566993,0.3302323526534528
0.7003316749585407,0.16260757397816752,24120,13887,0.5110535032764456,0.12858766695083831,37.95796463095616,7.611666666666666,63342,prior_channel,fold3,0.5920363112903726,0.326596955425467
0.6951973139993187,0.13782558363881922,20551,11777,0.4996178992952365,0.11172842568249086,32.26916391182515,8.1175,60477,prior_channel,fold4,0.587525742499351,0.3119254460269076
0.7022365770102147,0.8560016053971925,127561,74414,0.5605396833929099,0.7375180783499968,203.88485344394806,5.902222222222222,63612,logistic_regression,fold2,0.5454910495682068,0.3302323526534528
0.7126663584425877,0.830952426791937,121124,71320,0.5789259674705552,0.7241956363865998,194.9421788348667,5.764861111111111,63342,logistic_regression,fold3,0.542168404406541,0.326596955425467
0.6624725384461754,0.8319699016013892,130182,76186,0.5261990391935526,0.7384460208012964,208.75082973476364,5.917222222222223,60477,logistic_regression,fold4,0.5232453305086714,0.3119254460269076
0.7037434916815275,0.9389949066862882,139629,79246,0.5458572041491053,0.7620574734326857,217.12391614506825,6.663611111111111,63612,lightgbm,fold2,0.29920864395823543,0.3302323526534528
0.6590278518834702,0.951194624670299,149936,86550,0.49426920854997114,0.7473714123330492,236.57102605380976,6.917222222222222,63342,lightgbm,fold3,0.293609461371048,0.326596955425467
0.6943680177935686,0.9275901987266062,138477,77447,0.5423450876082999,0.7720290358318038,212.20598942677447,6.941944444444444,60477,lightgbm,fold4,0.3652349114535863,0.3119254460269076
