pr_auc,roc_auc,precision_at_recall_0.1,precision_at_recall_0.2,precision_at_recall_0.3,precision_at_recall_0.4,precision_at_recall_0.5,precision_at_recall_0.6,recall_at_precision_0.5,recall_at_precision_0.6,recall_at_precision_0.7,recall_at_precision_0.8,best_f1,best_f2,formal_gap_oracle,oracle_precision,oracle_recall,formal_reached_oracle,avg_precision,daily_precision_top_1pct,alert_precision,episode_recall,median_lead_time_hours,n,n_positive,fold,tag,seconds,transfer_threshold,transfer_precision,transfer_recall,transfer_formal_gap,transfer_alert_fraction,transfer_formal_reached,transfer_frac_precision,transfer_frac_recall,transfer_frac_formal_gap,model,target_col
0.545421343359962,0.771095641937483,0.6311138708444785,0.6066964285714286,0.5966217206507402,0.5802300695559123,0.5558060879368658,0.5291400691197398,0.709613167965328,0.2660150306607036,0.00026741666282447323,0.0,0.6050051463408197,0.763409092963484,0.14419391206313414,0.5558060879368658,0.500069159481765,False,0.5454,0.6341,0.5333333333333333,0.0190032269630692,8.774722222222222,348840,108445,fold1,any_y24_prior_channel,4.3,0.45410783330098453,0.5589406088533528,0.5159130389008791,0.14105939114664712,0.27666785530580107,False,0.5579123135591308,0.5206085171342844,0.1420876864408691,prior_channel,any_y24
0.5486403985744737,0.7888211525342148,0.6320441254651781,0.6054792783080192,0.5881211337080015,0.5744457129123355,0.5610323372805516,0.5396370040048853,0.7654155919355687,0.22208769805758805,0.01180186345212402,0.0,0.609212181448294,0.7706131493947845,0.13896766271944838,0.5610323372805516,0.5002895193977996,False,0.5486,0.6807,0.5923198316675434,0.01896551724137931,8.019722222222223,316889,94985,fold2,any_y24_prior_channel,3.7,0.4624577275914541,0.55299466917529,0.44713488843813387,0.19987044238657603,0.2406232511931186,False,0.544814039379896,0.48934034820824884,0.16584561241185508,prior_channel,any_y24
0.5388225857811766,0.7784976541625683,0.6467576791808873,0.5952096561262338,0.5786113022864572,0.5634357645316549,0.5430079155672823,0.5228446490218642,0.6960150439486139,0.16322261663286003,0.0033384043272481406,0.0,0.5983820811292623,0.7602747351563368,0.15699208443271762,0.5430079155672823,0.5000633874239351,False,0.5388,0.7076,0.6179196704428425,0.01991601309207682,7.9375,318074,94656,fold3,any_y24_prior_channel,3.7,0.43535397488602035,0.5377991066975517,0.5027456018566485,0.16220089330244825,0.2715039284070016,False,0.5369311007411474,0.5066516090262956,0.1630688992588526,prior_channel,any_y24
0.5223716422131405,0.7750896320127434,0.5955097761055943,0.5868568671210568,0.5685006246738253,0.5608579860361333,0.5383336865706605,0.5116576992057392,0.6482935825441887,0.09230402619200563,1.036076172320189e-05,1.036076172320189e-05,0.583623148960192,0.750325283129091,0.16166631342933946,0.5383336865706605,0.5000103607617232,False,0.5224,0.673,0.5773603559070687,0.0207940716133772,8.175833333333333,332323,96518,fold4,any_y24_prior_channel,3.7,,,,,,,,,,prior_channel,any_y24
0.42129827348725407,0.6957868954730343,0.58189260328614,0.58189260328614,0.58189260328614,0.58189260328614,0.47511038687973084,0.44320361822599963,0.46275070312139793,0.0,0.0,0.0,0.5570815147955959,0.7458424085670207,0.15535669359246201,0.58189260328614,0.46275070312139793,False,0.4213,0.2593,0.2534875808097993,0.012533711631097323,9.842083333333335,348840,108445,fold1,any_y24_prior_recency,3.7,-0.9998611111111111,0.5742550035931073,0.3954098015476128,0.23033519485927983,0.20639088134962086,False,0.44583405024088096,0.43647944412275624,0.31768650563636275,prior_recency,any_y24
0.3997855101614802,0.6836982448374944,0.5742615130573053,0.5742615130573053,0.5742615130573053,0.4564624679571373,0.4564624679571373,0.42083792273487536,0.3954308575038164,0.0,0.0,0.0,0.5484131100165778,0.742285358239443,0.23031815741698003,0.5742615130573053,0.3954203295257146,False,0.3998,0.2279,0.2253052164261931,0.010733146940043492,11.431944444444444,316889,94985,fold2,any_y24_prior_recency,3.9,-0.9998726851851852,0.5511661487271243,0.3709960277214334,0.2778378235514422,0.20031187711035797,False,0.42930663524018553,0.4194874070317782,0.3512059577280362,prior_recency,any_y24
0.38414393352359205,0.6734200401576743,0.5511802373030322,0.5511802373030322,0.5511802373030322,0.4471303762829895,0.4471303762829895,0.41435842156969765,0.3710171568627451,0.0,0.0,0.0,0.5417388292344996,0.7354042214257267,0.25286962371701044,0.4471303762829895,0.5195972785665991,False,0.3841,0.1678,0.16879329201604082,0.0077193849194096215,11.695833333333333,318074,94656,fold3,any_y24_prior_recency,5.4,-1.9999537037037036,0.427353772559252,0.5090760272695248,0.27264622744074796,0.3459736461213939,False,0.42716554274526863,0.5086305145154272,0.2728344572547313,prior_recency,any_y24
0.36701463920694605,0.6594920630512764,0.5308476394849786,0.5308476394849786,0.5308476394849786,0.4273574895193696,0.4273574895193696,0.39289531307022574,0.36907105410389773,0.0,0.0,0.0,0.5301765586148427,0.7290165971118485,0.2726425104806304,0.4273574895193696,0.5090760272695248,False,0.367,0.1711,0.17834167262330236,0.008911744977161656,12.339722222222221,332323,96518,fold4,any_y24_prior_recency,5.4,,,,,,,,,,prior_recency,any_y24
0.7241592582097706,0.8609324851221478,0.9044601917465611,0.853225806451613,0.803933194979741,0.7763440475338249,0.7496440075760717,0.7154937321310755,0.9164369034994698,0.8090368389506202,0.638305131633547,0.3116049610401586,0.694001632435494,0.7861979301768767,0.0,0.7000010112552711,0.638305131633547,True,0.7242,0.801,0.7706043956043956,0.030305392302056214,7.967638888888889,348840,108445,fold1,any_y24_logistic_regression,50.8,0.6910031931743743,0.6877872444790412,0.6790545875664579,0.012212755520958796,0.29593643199984854,False,0.6974825470700232,0.6595041322314049,0.002517452929976738,logistic_regression,any_y24
0.7243635802097428,0.8699285625844972,0.8645038167938931,0.8375258821974536,0.8124073440529137,0.7825424287362004,0.7557506919919824,0.7254652376466995,0.9131231247039007,0.8235721429699426,0.6648312891509186,0.3413486339948413,0.699563023287952,0.7844673395934585,0.0,0.700006650999867,0.6648312891509186,True,0.7244,0.8427,0.8241494968854816,0.030164647406026715,7.807638888888889,316889,94985,fold2,any_y24_logistic_regression,57.5,0.700411954058155,0.6922899805436272,0.6352793272481406,0.00771001945637273,0.27308425083471144,False,0.6839849790148,0.6542427315753888,0.016015020985199913,logistic_regression,any_y24
0.716139334124495,0.8591916925134876,0.8987903987903988,0.831576635924462,0.7953896140272254,0.7714704863587277,0.7466672977108871,0.7114582419922585,0.8827227011494253,0.7901348039215687,0.6286553414469236,0.28323613928329955,0.6867310129667544,0.7669886537333047,0.0,0.700004705439488,0.6286553414469236,True,0.7161,0.9098,0.8970718722271517,0.03438214043105045,7.9063888888888885,318074,94656,fold3,any_y24_logistic_regression,62.5,0.7061471528102508,0.6803505364978306,0.5735096044261174,0.01964946350216934,0.24482506477132188,False,0.660049990992614,0.6073789344992644,0.03995000900738599,logistic_regression,any_y24
0.6915103859631601,0.8381234324959603,0.9024116657319126,0.8322863781085965,0.794008003947152,0.7623109426213324,0.7220767561906187,0.6704252092474039,0.8301145900246586,0.7137632358731014,0.5466752315630246,0.2795229905302638,0.6530625483627333,0.7430357381039028,0.0,0.7000013266646324,0.5466752315630246,True,0.6915,0.895,0.8823024054982818,0.03630178554316926,7.999722222222222,332323,96518,fold4,any_y24_logistic_regression,68.1,,,,,,,,,,logistic_regression,any_y24
0.8353147127340668,0.877136892335428,0.9950200803212852,0.9932717948717948,0.9917138853347955,0.9887407407407407,0.9709436597024544,0.8947853351302291,0.8823458896214671,0.8151136520817004,0.7390935497256674,0.6705426714002489,0.7298507982121638,0.766738183366635,0.0,0.7000026200644536,0.7390935497256674,True,0.8353,0.9579,0.9592529711375212,0.04773411071445274,6.836527777777778,348840,108445,fold1,any_y24_lightgbm,26.6,0.5796266992749949,0.809075074806842,0.7628994051692373,0.0,0.2826352445177965,True,0.8368466681709678,0.741853976943728,0.0,lightgbm,any_y24
0.8944922001475615,0.9345901618162533,0.994930684874819,0.9920303763665193,0.9910050705007988,0.9899102847484073,0.9859815022189042,0.9727939921488309,0.9612149286729483,0.9204821813970627,0.8516713165236617,0.7789019318839817,0.7930089685335512,0.8320886997339536,0.0,0.7000043265694631,0.8516713165236617,True,0.8945,0.9645,0.9612052730696798,0.043849021435228334,7.161388888888889,316889,94985,fold2,any_y24_lightgbm,30.9,0.6066807374840197,0.8634973412693376,0.7188239519945909,0.0,0.24773165992819282,True,0.8471238450037989,0.7302970757268424,0.0,lightgbm,any_y24
0.8883384742502644,0.9281007881913237,0.9943948515673656,0.9933502368081136,0.9922609751865348,0.9909977688994968,0.9875237320314619,0.9737509858382196,0.949427400270453,0.9053837052062205,0.8394502197430697,0.7681710615280595,0.7877659635217396,0.8218053702228152,0.0,0.7000052857847628,0.8394502197430697,True,0.8883,0.9769,0.9759519038076152,0.04137590316803557,7.317777777777778,318074,94656,fold3,any_y24_lightgbm,32.5,0.6289769176042052,0.8404684824319089,0.696657618268095,0.0,0.24073867893585457,True,0.8183710611773942,0.7127996850328436,0.0,lightgbm,any_y24
0.8743151864422263,0.9206036386463524,0.9949716584384714,0.9939759036144579,0.9925930936517063,0.9905111173800426,0.9857277033649134,0.9494729248979458,0.9372448662425662,0.8820012847344537,0.8172568847261651,0.7463789137777409,0.77298637197519,0.8087057822814769,0.0,0.7000044371478014,0.8172568847261651,True,0.8743,0.9733,0.9725174056430927,0.046459258312837384,7.418055555555555,332323,96518,fold4,any_y24_lightgbm,22.5,,,,,,,,,,lightgbm,any_y24
0.8261799758185138,0.8668894710325118,0.9955678267819517,0.9938088951609232,0.9908833986689762,0.9842123171146648,0.9479223117668654,0.8829380156317846,0.8587210106505602,0.8081977039052054,0.7375351560698972,0.6639771312646964,0.7259316337238481,0.7573199531739534,0.0,0.7,0.7375351560698972,True,0.8262,0.9479,0.9504775380261762,0.046362261680203284,7.002222222222223,348840,108445,fold1,any_y24_catboost,63.6,0.6350191426933551,0.8223819182845552,0.7469705743012055,0.0,0.27225621589894256,True,0.8528030143404272,0.7243775332947308,0.0,catboost,any_y24
0.8934649561367541,0.9348980826399064,0.9935450286309214,0.990459308690892,0.9891957197100448,0.9879037480249696,0.9851077510215087,0.9699120164735113,0.9619729430962783,0.9195346633679002,0.8519134600200031,0.7792704111175449,0.7910272607316321,0.8315289340728476,0.0,0.7000034602674787,0.8519134600200031,True,0.8935,0.9625,0.958648111332008,0.04206275240757999,7.203611111111111,316889,94985,fold2,any_y24_catboost,68.6,0.6207219381499164,0.8472032742155525,0.7282264198782962,0.0,0.25579896502071847,True,0.8356169309886,0.7364350912778904,0.0,catboost,any_y24
0.8866119288121657,0.9295425491000244,0.9945372413068599,0.9931016461980664,0.9900052056220718,0.9877070528180019,0.9831540027418886,0.968655672845717,0.9551005747126436,0.9033341784989858,0.8340411595672752,0.7649171737660582,0.7854136024750215,0.8210014419406825,0.0,0.7000026600225215,0.8340411595672752,True,0.8866,0.9746,0.9728867623604466,0.042302229358364724,7.3869444444444445,318074,94656,fold3,any_y24_catboost,116.6,0.6162692121964843,0.8268388013739192,0.7232847758967239,0.0,0.2540600560298264,True,0.8158278038517559,0.7312003978532502,0.0,catboost,any_y24
0.874314614393996,0.9226690359659181,0.994535519125683,0.9935080902965623,0.9916138269584782,0.9894957983193278,0.9836382900688699,0.9485390461215933,0.9410369050332581,0.8853581715327711,0.8147184981039806,0.740483640357239,0.7709993208659787,0.8089610474877365,0.0,0.7000044509725375,0.8147184981039806,True,0.8743,0.9701,0.9692716236722306,0.045628773117833074,7.5697222222222225,332323,96518,fold4,any_y24_catboost,146.6,,,,,,,,,,catboost,any_y24
0.8409414707249492,0.8893023604776464,0.9939738292011019,0.9928421572257189,0.9904009720534629,0.9872933182332956,0.9745359138857441,0.8892609194773957,0.9038406565540136,0.828622804186454,0.7418230439393241,0.6660334731891743,0.7277320378419841,0.7790519336495128,0.0,0.7000017402805332,0.7418230439393241,True,0.8409,0.9588,0.9577315956322648,0.04594135345378583,6.907222222222222,348840,108445,fold1,any_y24_hist_gradient_boosting,148.0,0.6286210392676208,0.829779723242022,0.7424119597831237,0.0,0.2681822341577019,True,0.8612736486913443,0.7174817076380481,0.0,hist_gradient_boosting,any_y24
0.8935675073870428,0.9345477815852029,0.9949973944762898,0.9922575387123065,0.9892465658387679,0.9875350576503583,0.9840352838861971,0.9701337599128689,0.9620992788335,0.91889245670369,0.8500605358740854,0.7773648470811181,0.7934135514286698,0.8307503140482674,0.0,0.7000008669492921,0.8500605358740854,True,0.8936,0.9608,0.9577625570776256,0.043414103758931344,7.1675,316889,94985,fold2,any_y24_hist_gradient_boosting,51.8,0.6370956763069179,0.8697287307597865,0.7109639114266396,0.0,0.24326729000169772,True,0.8566856196106488,0.7210636409736308,0.0,hist_gradient_boosting,any_y24
0.8849557548869232,0.9273872745718524,0.9945124938755512,0.9927671006406282,0.9906542056074766,0.9880269198664441,0.9834011966096061,0.9674892283587936,0.9500824036511156,0.90276369168357,0.8327100236646383,0.7622337728194726,0.7836948851608203,0.8201214483269207,0.0,0.7000088809946714,0.8327100236646383,True,0.885,0.9733,0.9701789264413518,0.041437658247390846,7.456666666666667,318074,94656,fold3,any_y24_hist_gradient_boosting,67.0,0.6250135307573897,0.837866673207103,0.7078783232143228,0.0,0.24537573384929723,True,0.8213598422686863,0.7207981930831555,0.0,hist_gradient_boosting,any_y24
0.8728513355592248,0.92057658429651,0.9943785134291068,0.9936212220928466,0.9914448018616111,0.989885574172456,0.9836941013411602,0.9466758210321548,0.9368926003439773,0.8807165502807767,0.8127292318531258,0.7415404380530056,0.772870785421945,0.8071146673241177,0.0,0.700002677113358,0.8127292318531258,True,0.8729,0.9707,0.9661144578313253,0.045485035295620785,7.749722222222222,332323,96518,fold4,any_y24_hist_gradient_boosting,56.4,,,,,,,,,,hist_gradient_boosting,any_y24
